exp,mapa,nombreMapa,sistema,nombreSistema,r,semilla,celdasAgua,celdasFertiles,distMediaAgua,pob,prod,gini,ataq,cultivos,hambrientos,ahorro,esperanza,natalidad,casas,ciudades,mayorCiudad,sinCasa,fuerza,inte,resis,hab,def,herr,intercambios,precioAgua,prodPc,extinto,nacimientos,hambre,sed,vejez,cosechas,riegos,robos,ataques,migraciones,intercambiosTot
mapas,0,4 oasis,3,Anarquía primitiva,0,2024,51,1101,7.9611,341.7361,108.1033,0.4361,33.0444,16.2083,2.5934,5.4882,44.0124,2.2023,81.5417,1.8611,41.4444,1.9965,0.956,0.9499,1.0941,0.6914,0.5765,0.1666,4.8028,1.074,0.3163,0,1101,426,121,303,1173,1527,0,42270,14,10683
mapas,0,4 oasis,3,Anarquía primitiva,1,9943,68,1095,7.6851,375.875,124.2303,0.359,38.0389,10.7222,1.9842,5.595,47.2938,1.8747,87.1111,4.1667,23.9861,1.5047,0.9656,0.9993,1.0351,0.7285,0.7237,0.3535,6.425,0.8886,0.3305,0,1098,393,85,365,1009,1298,0,51959,30,10414
mapas,0,4 oasis,3,Anarquía primitiva,2,17862,63,1131,7.1525,378.6528,125.1368,0.4228,43.9278,22.5,2.1468,5.3941,46.1241,1.8814,80.7361,5,23.7917,3.3394,0.8884,1.0216,1.09,0.7008,0.6618,0.1968,4.0722,0.9918,0.3305,0,1054,349,50,378,1083,1726,0,52040,32,8498
mapas,0,4 oasis,3,Anarquía primitiva,3,25781,65,1146,8.0509,353.9861,120.0507,0.4106,38.275,15.1806,1.8922,5.5225,44.5183,1.7369,73.9167,4.5417,17.875,3.2812,0.9958,0.9897,1.0146,0.7516,0.7236,0.2744,5.1222,0.9227,0.3391,0,1015,333,70,359,987,1182,0,47020,25,12566
mapas,0,4 oasis,3,Anarquía primitiva,4,33700,74,1029,7.2533,357.5556,114.4664,0.4057,38.2083,10.2917,1.9686,5.1308,50.226,1.6379,83.6806,4.375,32.6667,1.8479,1.0061,0.9537,1.0402,0.7357,0.541,0.1883,3.7278,1.1003,0.3201,0,1073,389,77,361,1190,1239,0,46784,23,9716
mapas,0,4 oasis,3,Anarquía primitiva,5,41619,63,869,6.7843,443.7917,148.0011,0.4457,45.1111,21.4861,2.8044,5.5153,43.606,1.9949,96.9722,5,24,3.9509,1.0201,0.9891,0.9908,0.7036,0.579,0.2026,4.5889,0.9737,0.3335,0,1282,456,91,403,1295,1915,0,63589,33,9884
mapas,0,4 oasis,1,Anarcocapitalismo,0,2024,51,1101,7.9611,252.5,86.1671,0.342,25.0667,16.0556,1.5958,6.2296,41.8228,2.0359,66.5278,3.3889,25.2778,0.9928,0.9453,0.9827,1.072,0.7213,0.6178,0.35,7.2611,0.9566,0.3413,0,869,310,76,306,1046,1385,683,36650,19,13352
mapas,0,4 oasis,1,Anarcocapitalismo,1,9943,68,1095,7.6851,317.7917,102.5271,0.3382,24.9056,16.5139,1.2918,6.1729,46.1799,1.8525,70.8472,4.5556,19.9722,3.4329,0.9616,0.9982,1.0402,0.6878,0.5375,0.4413,3.8306,1.1165,0.3226,0,871,216,109,332,1002,1254,689,34199,24,9097
mapas,0,4 oasis,1,Anarcocapitalismo,2,17862,63,1131,7.1525,319.1667,104.8211,0.3582,28.6917,20.6806,1.658,6.0318,44.0178,2.0558,75.0972,4.9167,14,2.2632,0.9245,1.0031,1.0724,0.6941,0.5786,0.2995,7.1611,0.938,0.3284,0,887,277,42,336,1083,1533,723,39971,14,11168
mapas,0,4 oasis,1,Anarcocapitalismo,3,25781,65,1146,8.0509,307.0833,106.5582,0.3315,30.5944,19.625,1.159,6.1461,42.2137,2.0636,64.4306,5.6667,10.2778,2.6718,1.007,0.9795,1.0135,0.6893,0.627,0.2885,6.1917,0.9547,0.347,0,862,239,95,308,1179,1399,811,43573,12,9565
mapas,0,4 oasis,1,Anarcocapitalismo,4,33700,74,1029,7.2533,246.9306,88.0851,0.3112,30.0944,13.4583,0.9229,5.9614,50.8791,1.7654,68.7361,3,34.3472,0.7471,1.0342,0.9414,1.0244,0.7598,0.558,0.2363,3.8944,1.0946,0.3567,0,749,206,54,337,1161,1419,760,42087,18,9138
mapas,0,4 oasis,1,Anarcocapitalismo,5,41619,63,869,6.7843,402.6806,137.5199,0.3959,39.6972,29.0417,1.7175,6.183,48.464,1.9873,92.1389,5.3611,28.9306,2.0463,1.0435,0.9641,0.9923,0.7118,0.4028,0.2414,9.1833,0.9665,0.3415,0,1102,329,94,375,1489,1930,1016,54434,14,13812
mapas,0,4 oasis,4,Capitalismo con Estado mínimo,0,2024,51,1101,7.9611,183.0278,64.358,0.2616,12.5861,26.7222,0.3643,6.7785,41.8111,2.5759,45.7778,2.9722,10.875,2.575,0.9917,0.9606,1.0477,0.6276,0.8376,0.5222,6.0194,1.0164,0.3516,0,620,161,63,294,1162,1449,668,18274,11,12834
mapas,0,4 oasis,4,Capitalismo con Estado mínimo,1,9943,68,1095,7.6851,177.0694,58.7792,0.285,7.6833,18.6389,0.5641,7.3992,35.6228,2.0576,38.8611,2.7361,9.0556,4.4476,0.9815,1.0356,0.9829,0.6428,0.4495,0.5559,5.4722,0.7362,0.332,0,501,83,97,226,828,856,408,12777,7,7751
mapas,0,4 oasis,4,Capitalismo con Estado mínimo,2,17862,63,1131,7.1525,191.7361,64.4925,0.2887,9.925,25.7639,1.0034,6.5249,37.7926,2.0012,44.5278,2.9444,8.8056,4.0175,1.0241,1.0189,0.957,0.6541,0.7422,0.3651,5.9806,0.849,0.3364,0,563,180,46,246,886,1087,477,19660,16,9593
mapas,0,4 oasis,4,Capitalismo con Estado mínimo,3,25781,65,1146,8.0509,238.0556,75.1639,0.3815,10.0306,31.0417,0.6499,8.0014,42.2762,2.0724,55.4167,3.9167,14.7222,4.3978,0.9864,0.9535,1.0601,0.6277,0.4527,0.3014,6.9778,0.9183,0.3157,0,668,197,79,252,1369,1343,649,15721,18,12190
mapas,0,4 oasis,4,Capitalismo con Estado mínimo,4,33700,74,1029,7.2533,227.3194,74.4465,0.2794,13.4139,27.125,0.8461,6.3774,44.0448,1.8157,55.1806,4,14.8889,1.9377,1.0369,0.9486,1.0145,0.6731,0.6232,0.453,5.7028,0.9129,0.3275,0,668,233,52,255,1394,1666,795,20280,9,9882
mapas,0,4 oasis,4,Capitalismo con Estado mínimo,5,41619,63,869,6.7843,322.8333,109.6505,0.3233,20.025,45.6667,1.2664,6.5519,41.9768,2.3244,69.8056,4,12.0139,3.562,1.076,0.9052,1.0188,0.6385,0.3344,0.355,10.2806,0.8759,0.3397,0,888,265,102,297,1721,1992,939,31003,19,17917
mapas,0,4 oasis,5,Socialdemocracia,0,2024,51,1101,7.9611,152.8056,55.9097,0.1499,10.9361,30.7083,0,6.9294,41.8255,1.6137,38.1806,1,19.8472,2.7266,0.9761,1.0025,1.0214,0.6316,1.2912,0.4641,10.2194,1.0907,0.3659,0,382,0,35,291,1355,1487,722,18866,3,19122
mapas,0,4 oasis,5,Socialdemocracia,1,9943,68,1095,7.6851,145.1528,52.4276,0.1489,10.7722,30.7639,0,6.8573,39.58,1.7998,37.4028,2,8.75,3.1681,0.9943,0.9742,1.0316,0.5904,0.8531,0.4741,10.0611,1.0072,0.3612,0,390,0,62,274,1324,1637,724,16435,6,15134
mapas,0,4 oasis,5,Socialdemocracia,2,17862,63,1131,7.1525,146.5278,57.6923,0.1623,12.0611,33.2639,0,6.7779,41.7714,1.5888,37.9306,1.6389,9,2.7667,0.9219,1.1625,0.9156,0.6592,1.1849,0.6988,6.9278,0.8235,0.3937,0,369,0,24,298,1225,1291,724,25137,13,12787
mapas,0,4 oasis,5,Socialdemocracia,3,25781,65,1146,8.0509,198.4167,77.9725,0.1611,16.0444,46.7083,0,6.7885,48.3758,1.8138,42.75,3.25,7,3.2068,0.9912,1.0266,0.9823,0.6019,1.1556,0.4703,7.0667,0.8515,0.393,0,473,0,49,320,1757,1855,1033,25771,11,12712
mapas,0,4 oasis,5,Socialdemocracia,4,33700,74,1029,7.2533,316.9167,113.4188,0.1859,12.8111,69.7639,0,6.2952,45.2031,1.7434,60.5278,4.2639,22.4167,4.1934,1.072,0.9765,0.9515,0.5939,0.7409,0.7961,10.5222,1.1707,0.3579,0,624,0,71,319,2496,3047,1427,18745,16,14621
mapas,0,4 oasis,5,Socialdemocracia,5,41619,63,869,6.7843,307.6944,113.7856,0.1617,20.4944,69.8889,0,6.6729,56.838,1.4374,73.4583,5,12.0694,1.1993,1.0253,0.989,0.9856,0.66,1.0624,0.3982,5.4556,0.9341,0.3698,0,671,0,42,428,2659,3309,1543,30638,16,13997
mapas,0,4 oasis,6,Socialismo (planificación parcial),0,2024,51,1101,7.9611,34.7361,12.406,0.0977,2.6917,7.4028,0,7.1627,18.5775,1.1646,14.5972,0.8056,5.4167,0,0.9712,0.9509,1.0779,0.6515,1.0551,0.3855,1.0639,0.8211,0.3572,0,132,0,13,185,827,836,0,10521,4,4609
mapas,0,4 oasis,6,Socialismo (planificación parcial),1,9943,68,1095,7.6851,23.4028,8.7828,0.0657,1.0917,9.3611,0,7.5363,10.2153,0.7018,9.2222,0,2.4583,6.2326,1.0802,0.9945,0.9253,0.5302,0.7496,1.6914,1.1611,0.9542,0.3753,0,101,0,22,157,843,668,0,9686,3,4851
mapas,0,4 oasis,6,Socialismo (planificación parcial),2,17862,63,1131,7.1525,42.5972,17.08,0.0881,1.7833,13.25,0,7.2874,20.2176,1.5466,12.9167,0.75,5.25,1.7128,0.9873,1.2132,0.7995,0.5522,0.7059,0.647,1.7444,1.0109,0.401,0,133,0,4,188,924,798,0,13837,5,7823
mapas,0,4 oasis,6,Socialismo (planificación parcial),3,25781,65,1146,8.0509,84.5139,27.943,0.0591,1.0417,35.25,0,7.561,31.5567,0.8385,26.3611,0.7361,4.7361,1.2713,0.9744,1.0329,0.9927,0.4222,0.7298,0.8091,2.7056,0.7393,0.3306,0,216,0,26,219,1873,1263,0,12874,5,6232
mapas,0,4 oasis,6,Socialismo (planificación parcial),4,33700,74,1029,7.2533,38.1111,14.4609,0.0848,3.4556,10.0833,0,7.3187,24.8032,0.8454,14.7361,0,3,0.5424,0.9759,1.06,0.9641,0.5796,1.3327,0.6033,1.4306,0.5355,0.3794,0,142,0,19,196,1112,794,0,13618,3,6342
mapas,0,4 oasis,6,Socialismo (planificación parcial),5,41619,63,869,6.7843,42.6806,19.0443,0.0906,6.5528,13.9167,0,7.2965,23.6069,0.7197,18.6528,0,2,0.4655,1.0786,1.0331,0.8884,0.5805,0.9791,0.5748,1.0944,0.901,0.4462,0,148,0,9,207,1544,901,0,15270,9,5508
mapas,0,4 oasis,2,Comunismo,0,2024,51,1101,7.9611,51.7778,17.1926,0.0017,1.1972,20.0972,0,6.2776,25.5276,1.1472,20,0,4,0.6701,1.0049,1.0173,0.9777,0.473,1.9637,0.1118,1.625,0.9176,0.332,0,148,0,12,191,1171,784,0,3824,4,6734
mapas,0,4 oasis,2,Comunismo,1,9943,68,1095,7.6851,18.0694,6.0649,0.0033,0.7028,8.4722,0,5.9339,12.1331,0.5361,7.7222,0,2,4.2315,0.9879,0.9607,1.0514,0.5623,1.6815,0.0502,0.2639,0.2407,0.3356,0,109,0,20,177,937,600,0,5019,2,4185
mapas,0,4 oasis,2,Comunismo,2,17862,63,1131,7.1525,33.5,12.6693,0.002,1.3361,18.125,0,6.3831,14.1302,1.012,10.8194,0,3,0.6936,0.9532,1.1279,0.9189,0.3654,0.3334,0.1193,1.4167,0.8133,0.3782,0,123,0,8,182,898,738,0,6138,7,6250
mapas,0,4 oasis,2,Comunismo,3,25781,65,1146,8.0509,9.6944,4.0482,0.0002,0.7306,5.375,0,6.7181,10.4525,1.75,4.0556,0,3.5556,0,1.0851,1.0037,0.9112,0.5289,1.7964,0.3306,0.0722,0.3489,0.4176,0,80,0,10,162,818,644,0,5491,7,3816
mapas,0,4 oasis,2,Comunismo,4,33700,74,1029,7.2533,41.0694,15.9979,0.0005,3.5333,15,0,6.097,15.9549,1.3172,11.5694,0,3,0.6665,1.0114,1.0671,0.9215,0.4718,0.1315,0.1447,1.6306,1.2063,0.3895,0,145,0,10,193,1111,735,0,7308,2,5293
mapas,0,4 oasis,2,Comunismo,5,41619,63,869,6.7843,27.5556,9.2985,0.0012,1.0389,5.5833,0,6.2793,10.8044,0.9524,7.75,0,2.75,0.2999,1.0568,1.0482,0.8951,0.5811,1.0664,0.4137,1.7611,0.7613,0.3374,0,102,0,1,175,851,594,0,7009,6,5007
mapas,1,río,3,Anarquía primitiva,0,2024,96,1153,5.8676,476.4444,161.7616,0.4326,53.35,22.3056,2.0871,5.3902,50.6748,2.0227,110.6806,5,29.0556,1.4643,0.9805,1.001,1.0185,0.7306,0.5349,0.2303,5.4167,0.9689,0.3395,0,1369,445,30,510,1667,1815,0,68388,25,15094
mapas,1,río,3,Anarquía primitiva,1,9943,96,1134,5.7545,546.3472,180.5482,0.4373,51.8972,27.8472,2.5197,5.659,46.5551,2.0287,111.5417,9,28,3.051,1.0158,1.0072,0.977,0.6958,0.5755,0.1706,7.4417,0.9584,0.3305,0,1563,616,71,436,2120,2083,0,64594,34,15085
mapas,1,río,3,Anarquía primitiva,2,17862,96,989,5.7738,466.0833,151.9748,0.3988,50.2306,14.7917,2.019,5.3488,53.1125,1.7426,107.2222,6.1528,36.0972,1.5555,0.9958,0.9488,1.0554,0.7189,0.6895,0.2807,6.7583,0.8893,0.3261,0,1315,414,23,515,1535,1375,0,65253,38,11234
mapas,1,río,3,Anarquía primitiva,3,25781,96,1192,6.1838,458.9861,153.7988,0.3834,48.5639,15.3611,1.8821,5.3898,49.738,1.8643,106.3194,5,21.5278,1.5719,0.964,1.0298,1.0063,0.7376,0.7362,0.3003,8.7333,0.9593,0.3351,0,1377,524,29,456,1578,1474,0,68658,36,16535
mapas,1,río,3,Anarquía primitiva,4,33700,96,976,5.779,459.4028,153.003,0.4279,53.1639,18.2917,1.981,5.255,53.3493,1.8621,109.6389,8,17,1.724,1.0227,0.912,1.0654,0.7334,0.5889,0.3327,4.0389,0.995,0.333,0,1424,548,38,460,1748,1801,0,72824,34,14640
mapas,1,río,3,Anarquía primitiva,5,41619,96,1087,6.0588,466.8194,155.9101,0.4292,45.8694,26.5278,2.734,5.5324,47.1882,2.1092,110.0694,4.6944,62.1111,2.1396,0.9878,1.0004,1.0118,0.6916,0.6801,0.3448,5.375,1.0457,0.334,0,1439,570,68,415,1746,1756,0,60429,17,12766
mapas,1,río,1,Anarcocapitalismo,0,2024,96,1153,5.8676,411.75,141.7475,0.3598,42.0972,26.375,1.7427,6.1207,53.7056,1.6737,105.8472,8,20.0139,1.2608,0.9754,1.0124,1.0122,0.7218,0.8231,0.343,8.9083,0.9167,0.3443,0,1239,464,33,448,1838,1696,1205,53297,31,17749
mapas,1,río,1,Anarcocapitalismo,1,9943,96,1134,5.7545,415.9444,145.6655,0.3617,38.925,37.6389,1.9622,6.1016,44.3113,1.9969,92.5694,5.6806,19.2361,2.9875,1.0226,1.02,0.9573,0.6929,0.6989,0.2461,10.8889,0.8633,0.3502,0,1110,365,52,378,1566,1596,1027,47021,30,14102
mapas,1,río,1,Anarcocapitalismo,2,17862,96,989,5.7738,408.8056,136.8361,0.3359,35.2333,20.5278,1.5141,5.9434,53.2918,1.8729,96.9028,6.7222,23,2.2166,1.0302,0.9466,1.0232,0.731,0.8264,0.3057,5.9861,0.6937,0.3347,0,1153,352,37,466,1681,1701,1169,53748,40,12555
mapas,1,río,1,Anarcocapitalismo,3,25781,96,1192,6.1838,437.8472,148.152,0.3775,40.7111,30.4167,2.0627,5.9967,46.7744,2.0742,96.6111,4.5556,30.9167,2.1905,0.9386,1.0393,1.022,0.6917,0.6905,0.3461,7.9889,0.9207,0.3384,0,1345,550,29,413,1925,1811,1224,53833,33,16891
mapas,1,río,1,Anarcocapitalismo,4,33700,96,976,5.779,446.0139,144.9997,0.3745,42.0917,29.1944,1.5937,6.2044,51.9069,1.7679,98.5694,7.6667,15.4167,2.303,1.0097,0.8823,1.108,0.723,0.5467,0.3011,7.2889,0.9121,0.3251,0,1276,447,61,427,1748,1731,1163,58168,31,16432
mapas,1,río,1,Anarcocapitalismo,5,41619,96,1087,6.0588,436.875,151.5792,0.3686,45.6028,29.9028,2.1474,5.993,49.3434,1.9423,95.9722,7.2639,11.1667,2.6886,0.9887,1.0045,1.0068,0.7024,0.5871,0.3962,6.5389,1.0344,0.347,0,1146,365,67,405,1598,1573,1010,55257,19,11124
mapas,1,río,4,Capitalismo con Estado mínimo,0,2024,96,1153,5.8676,313.9861,100.3001,0.2707,12.8306,32.5556,0.7452,6.7182,42.5337,1.7417,70.3611,4.0417,9.7639,4.4378,0.9582,1.0628,0.979,0.6331,0.7213,0.5337,14.625,0.8336,0.3194,0,834,220,31,367,1524,1595,914,20846,23,20603
mapas,1,río,4,Capitalismo con Estado mínimo,1,9943,96,1134,5.7545,294.8611,102.6126,0.2834,20.0556,35.3194,0.8879,6.4992,41.5146,2.2379,61.0972,4.7917,12.75,4.261,1.0911,0.9762,0.9327,0.6434,0.4965,0.2913,6.8806,0.9102,0.348,0,745,221,39,279,1361,1421,751,23520,18,11629
mapas,1,río,4,Capitalismo con Estado mínimo,2,17862,96,989,5.7738,361.6389,120.6295,0.3024,20.8611,41.8056,1.5238,6.1998,44.8374,1.9885,79.9722,4.0139,16.7917,3.0224,1.0868,0.9592,0.954,0.6524,0.7613,0.4658,8.975,0.8969,0.3336,0,960,341,39,329,2319,1889,1221,32188,27,11842
mapas,1,río,4,Capitalismo con Estado mínimo,3,25781,96,1192,6.1838,305.0833,103.8289,0.3052,17.4806,42.9861,1.2915,6.4943,42.1582,2.3101,69.4306,4.7361,11.9028,2.4961,1.0363,1.0143,0.9493,0.6341,0.9173,0.384,12.1139,1.0467,0.3403,0,943,362,59,331,1996,1469,1083,27410,28,17100
mapas,1,río,4,Capitalismo con Estado mínimo,4,33700,96,976,5.779,328.5972,108.9296,0.3145,20.6167,41.6389,1.3019,6.4374,43.5903,2.1471,75.0694,4.2639,18.2083,3.7542,1.0779,0.8887,1.0334,0.6359,0.6092,0.3478,11.7111,0.778,0.3315,0,902,302,37,345,2025,1729,1088,31794,16,15767
mapas,1,río,4,Capitalismo con Estado mínimo,5,41619,96,1087,6.0588,324.7778,113.0498,0.2709,22.8389,36.3889,0.8001,6.4367,45.7252,2.1524,72.2778,4.75,11.2917,3.7828,0.9422,1.0649,0.9929,0.6535,0.6633,0.3801,18.7694,0.8962,0.3481,0,791,212,50,287,1460,1167,775,29470,10,20955
mapas,1,río,5,Socialdemocracia,0,2024,96,1153,5.8676,323.3611,121.3452,0.1666,24.1361,63.3056,0,6.603,51.9568,1.8058,64.625,5.4306,26.7639,3.4488,0.922,1.0798,0.9982,0.5976,1.1399,0.5588,12.4528,1.0715,0.3753,0,636,0,22,373,2416,2017,1263,29660,11,17252
mapas,1,río,5,Socialdemocracia,1,9943,96,1134,5.7545,299.2361,117.7313,0.1791,26.7667,70,0,6.6351,48.1917,1.8207,61.5417,4.6111,17.0556,4.005,1.011,1.0126,0.9764,0.5836,0.8611,0.4355,9.8833,0.8924,0.3934,0,648,0,67,364,2836,2313,1474,31126,35,20830
mapas,1,río,5,Socialdemocracia,2,17862,96,989,5.7738,225.8333,93.8496,0.1835,18.5528,67.6389,0,6.7371,34.0148,2.4647,41.2361,1.5139,6.0556,6.3913,1.0307,1.0011,0.9682,0.5273,0.9438,0.3259,3.5583,1.109,0.4156,0,484,0,14,287,2142,1737,1163,27419,26,11006
mapas,1,río,5,Socialdemocracia,3,25781,96,1192,6.1838,295.125,124.1461,0.1749,23.025,88,0,6.9182,43.1079,2.3417,54.5278,5,8.375,4.5456,1.0444,1.0642,0.8914,0.5558,1.3381,0.5335,6.7861,0.991,0.4207,0,601,0,37,305,2332,1777,1331,24128,30,11036
mapas,1,río,5,Socialdemocracia,4,33700,96,976,5.779,357.5417,128.3294,0.1632,22.2694,74.5833,0.0041,6.6962,51.396,1.5999,67.8194,5,11.5417,4.5612,1.0995,0.8855,1.015,0.5873,1.0727,0.3919,10.7722,0.9563,0.3589,0,695,0,58,383,3103,2317,1628,31608,21,20622
mapas,1,río,5,Socialdemocracia,5,41619,96,1087,6.0588,229.2917,93.4534,0.1624,20.1611,60.1389,0,7.0108,37.7681,2.1911,49.2639,2.4306,11.2222,5.2006,1.0032,1.0775,0.9193,0.5512,0.9138,0.2538,12.6944,0.7277,0.4076,0,503,0,38,283,2116,1340,1031,25670,20,16588
mapas,1,río,6,Socialismo (planificación parcial),0,2024,96,1153,5.8676,72.8472,30.3753,0.0848,6.875,30.9028,0,7.3525,29.8465,1.7211,23.6528,1,6,1.1543,0.9542,1.082,0.9638,0.4086,1.0636,0.235,3.4,1.0028,0.417,0,203,0,2,229,1681,987,0,19866,10,6937
mapas,1,río,6,Socialismo (planificación parcial),1,9943,96,1134,5.7545,48.0417,17.9693,0.0573,3.6278,10.7361,0,7.6394,17.2627,1.5111,10,1,5,2.9417,0.9837,1.0274,0.9889,0.4834,0.6454,0.7069,0.9167,1.3539,0.374,0,138,0,7,183,879,653,0,8211,8,5184
mapas,1,río,6,Socialismo (planificación parcial),2,17862,96,989,5.7738,25.25,9.1177,0.0831,1.9667,5.4861,0,7.3551,13.8646,0.5189,9.9028,0,3,1.1452,1.1392,0.9173,0.9435,0.637,1.8636,1.5709,1.6111,0.9498,0.3611,0,117,0,6,191,967,548,0,14197,3,5622
mapas,1,río,6,Socialismo (planificación parcial),3,25781,96,1192,6.1838,17.8333,5.7816,0.0776,0.7889,3.5556,0,7.3504,10.6418,0.6571,7.2639,0,3.1528,3.3568,1.0234,1.1236,0.853,0.5044,0.3478,0.6808,0.4556,1.105,0.3242,0,90,0,6,170,750,336,0,8891,2,4538
mapas,1,río,6,Socialismo (planificación parcial),4,33700,96,976,5.779,28.6806,9.721,0.0355,0.1056,15.9861,0,7.9029,11.3843,1.1672,12.4028,0,2.5278,1.1433,1.0419,1.097,0.8611,0.3822,0.3085,0.862,0.1639,0.6375,0.3389,0,119,0,1,190,1071,548,0,12859,5,6425
mapas,1,río,6,Socialismo (planificación parcial),5,41619,96,1087,6.0588,44.7361,15.6177,0.0597,1.0778,15.1667,0,7.589,22.7066,1.4781,15.2222,0,2.1667,0.9167,0.8913,1.1844,0.9243,0.437,0.1304,0.2961,3.1944,0.9093,0.3491,0,131,0,2,188,1086,978,0,9890,4,7593
mapas,1,río,2,Comunismo,0,2024,96,1153,5.8676,19.9444,6.726,0.002,1.7639,3,0,6.3625,12.9913,0,9.9167,1,5,0.1183,0.9072,1.1068,0.986,0.6436,1.5289,0.4291,0,0,0.3372,0,99,0,1,187,967,605,0,6180,4,4841
mapas,1,río,2,Comunismo,1,9943,96,1134,5.7545,24.1806,8.0741,0.0033,0.3833,8.8611,0,6.3108,13.6267,1.7471,8.125,0,3.0139,1.3317,1.1364,0.966,0.8976,0.4411,0.7487,0.1302,0.4361,0.5916,0.3339,0,109,0,1,186,743,542,0,3030,3,4364
mapas,1,río,2,Comunismo,2,17862,96,989,5.7738,2.7361,0.6082,0,0,0,0,5.3863,5.6921,0,1.5278,0,1,0,0.8955,0.8007,0.9704,0.6567,0,0.3199,0.7028,0.1903,0.2223,1,61,0,0,161,415,392,0,4178,6,3545
mapas,1,río,2,Comunismo,3,25781,96,1192,6.1838,1.3333,0.3726,0,0,0,0,5.0035,6.8287,0,1.3333,0,1.2778,0,0.5937,0.5092,0.5221,0.5144,0.4347,0.3699,0,0,0.2794,1,80,0,3,177,396,238,0,4563,7,3771
mapas,1,río,2,Comunismo,4,33700,96,976,5.779,19.875,5.1868,0.0022,0,5.0972,0,6.2774,15.2072,0.1515,12.2639,0,3.5972,0,1.1585,0.8454,0.9961,0.5711,0.4118,0.1889,0.5694,0.2069,0.261,0,106,0,1,193,829,632,0,6287,4,6594
mapas,1,río,2,Comunismo,5,41619,96,1087,6.0588,31.6806,11.5303,0.0018,0.3278,18.4444,0,6.4562,13.2905,1.7692,9.6806,0,2,0.9312,0.873,1.1867,0.9403,0.2891,0.2486,0.5479,1.9472,0.9165,0.364,0,110,0,5,170,946,663,0,4601,7,4169
mapas,2,lago central,3,Anarquía primitiva,0,2024,81,1009,9.5394,212.9861,67.649,0.3815,23.6028,7.5556,1.7943,5.6971,37.4482,1.7951,49.375,3.9306,9.4028,1.8629,1.0222,0.8244,1.1534,0.7384,0.7555,0.4234,4.7944,1.1103,0.3176,0,700,304,40,246,747,991,0,32960,12,8163
mapas,2,lago central,3,Anarquía primitiva,1,9943,81,1080,9.5394,231.1667,82.0616,0.4259,25.5,14.6806,2.2377,5.8256,37.3492,2.1173,53.6111,2.2639,32.6806,2.4487,1.0201,0.975,1.0049,0.7213,0.7299,0.2849,2.7917,1.1131,0.355,0,692,238,85,231,726,1124,0,31274,4,8396
mapas,2,lago central,3,Anarquía primitiva,2,17862,81,1003,9.5394,192.8194,62.7114,0.4097,19.9639,8.4306,1.8862,5.8963,38.1603,1.954,45.4722,1,18,1.8229,0.9212,0.956,1.1228,0.7298,0.8139,0.2155,4.4194,1.0508,0.3252,0,613,228,49,236,501,528,0,25173,11,9512
mapas,2,lago central,3,Anarquía primitiva,3,25781,81,1078,9.5394,237.7222,86.5264,0.3957,34.1333,9.8056,2.4404,5.4222,45.8001,1.8165,50.1389,4,9.7222,2.3744,0.9885,0.9875,1.024,0.7468,0.6455,0.2581,1.8778,1.0206,0.364,0,729,279,83,238,592,732,0,43983,17,3882
mapas,2,lago central,3,Anarquía primitiva,4,33700,81,894,9.5394,191.0556,65.7233,0.4184,21.4278,10.3611,2.4423,5.3239,37.1495,2.2544,48.5972,2,10,1.6825,1.0688,0.9421,0.9891,0.7254,0.5299,0.2458,1.6472,1.0608,0.344,0,673,295,39,249,612,720,0,36975,12,4471
mapas,2,lago central,3,Anarquía primitiva,5,41619,81,786,9.5394,205.5833,70.1435,0.3876,27.4333,2.75,2.1171,5.572,33.5961,1.8951,48.7639,4,7.9444,1.5895,0.9792,0.969,1.0518,0.7371,0.6403,0.204,1.5333,1.1633,0.3412,0,672,204,152,219,383,536,0,30809,18,6474
mapas,2,lago central,1,Anarcocapitalismo,0,2024,81,1009,9.5394,151.9028,50.6123,0.3082,13.5417,11.7222,1.0954,6.1514,35.5339,1.753,40.8472,2.9722,8.0972,1.3851,1.0284,0.8775,1.0941,0.7119,0.7868,0.5226,2.5417,0.954,0.3332,0,464,153,35,228,657,727,417,18858,6,7027
mapas,2,lago central,1,Anarcocapitalismo,1,9943,81,1080,9.5394,190.0694,73.2327,0.3185,26.3694,12.9306,1.1256,5.9211,27.5615,2.2848,38.2361,2.7361,9.5139,3.395,1.0111,0.9653,1.0236,0.6824,0.9061,0.4073,2.1139,1.0835,0.3853,0,476,119,27,222,593,545,412,30389,4,6459
mapas,2,lago central,1,Anarcocapitalismo,2,17862,81,1003,9.5394,178.6944,61.9273,0.324,17.6778,9.9028,1.1265,6.1089,40.1073,2.0516,43.6389,3,12,2.0871,0.9983,0.9733,1.0285,0.7246,0.556,0.3459,3.7694,0.9514,0.3466,0,526,144,36,256,501,736,372,28118,8,6386
mapas,2,lago central,1,Anarcocapitalismo,3,25781,81,1078,9.5394,212.5833,75.2968,0.3564,21.5722,12.6806,2.0859,5.9682,38.7014,2.0199,48.2222,4.3333,11.9444,2.8351,0.9901,1.0209,0.989,0.7128,0.7157,0.4444,2.4778,0.9982,0.3542,0,671,237,110,219,946,1024,639,28763,6,6684
mapas,2,lago central,1,Anarcocapitalismo,4,33700,81,894,9.5394,170.8472,59.139,0.3183,18.7694,11.3333,1.1901,5.942,38.5716,1.6899,39.7639,2.875,12.5139,2.6389,0.9889,0.9197,1.0914,0.7168,0.5309,0.4297,3.3806,0.9345,0.3462,0,506,130,32,271,537,720,400,35007,7,6537
mapas,2,lago central,1,Anarcocapitalismo,5,41619,81,786,9.5394,192.4028,59.6857,0.3628,13.0389,11.9028,2.3887,5.9009,34.4049,2.1844,42.9306,3.6111,12.5139,3.9736,0.9951,0.9159,1.0891,0.6474,0.8612,0.0895,3.925,0.9076,0.3102,0,628,237,122,190,685,872,449,19618,8,7059
mapas,2,lago central,4,Capitalismo con Estado mínimo,0,2024,81,1009,9.5394,33.375,8.7253,0.1517,0.15,2.125,0.1819,6.5273,15.2535,0.8439,13.1806,0.4306,4.4306,0.0463,1.0121,0.9958,0.9921,0.7027,1.1317,0.517,2.0139,0.7246,0.2614,0,181,60,39,156,260,312,151,4551,3,5216
mapas,2,lago central,4,Capitalismo con Estado mínimo,1,9943,81,1080,9.5394,151.2778,46.3346,0.2884,6.1056,14.2222,1.4631,6.4094,35.1308,1.9352,34.8194,1.0139,11.4861,2.056,1.008,0.9665,1.0255,0.6447,0.3734,0.4551,5.4194,0.8602,0.3063,0,431,101,68,225,670,795,345,13327,1,8239
mapas,2,lago central,4,Capitalismo con Estado mínimo,2,17862,81,1003,9.5394,150.7361,44.3067,0.3811,3.4889,15.0833,0.8229,8.2306,34.803,2.4036,35.5,2.2778,9.9028,2.9388,1.0065,0.8816,1.1119,0.6118,0.7008,0.4932,11.1556,0.923,0.2939,0,474,157,93,178,770,682,396,11025,7,12922
mapas,2,lago central,4,Capitalismo con Estado mínimo,3,25781,81,1078,9.5394,171.0972,60.2221,0.3146,13.2194,19.5556,0.5843,6.8249,39.9207,2.1895,36.4028,2.25,5.3056,5.3846,1.011,0.9825,1.0065,0.6575,0.5138,0.5302,3.5972,1.1261,0.352,0,477,98,128,173,814,762,467,15200,8,5886
mapas,2,lago central,4,Capitalismo con Estado mínimo,4,33700,81,894,9.5394,160.7361,50.9922,0.2864,9.6778,19.6806,1.2366,6.0436,29.638,2.2023,36.3194,2,14.8333,3.4706,0.9986,0.8811,1.1203,0.6035,0.6746,0.3879,5.8639,0.8306,0.3172,0,505,177,64,204,1085,1193,614,20126,9,8143
mapas,2,lago central,4,Capitalismo con Estado mínimo,5,41619,81,786,9.5394,129.0278,44.1055,0.3116,8.2,18.1528,0.9683,7.0879,27.6271,2.4649,31.2083,1.6667,14.7778,3.3761,0.9729,0.9857,1.0414,0.6543,0.5201,0.2868,5.5583,0.94,0.3418,0,406,84,96,179,506,556,258,11657,4,7550
mapas,2,lago central,5,Socialdemocracia,0,2024,81,1009,9.5394,137.8611,52.1985,0.1633,5.0861,41.4583,0,6.9363,34.7957,2.137,27.5417,1,6.3194,5.2299,1.0639,1.0287,0.9074,0.4922,1.5069,0.4281,6.6861,0.9804,0.3786,0,311,0,45,212,1231,1183,598,7153,8,14686
mapas,2,lago central,5,Socialdemocracia,1,9943,81,1080,9.5394,66.1389,26.1204,0.1506,6.7194,14.4583,0,7.0371,15.7174,1.783,13.4306,0,3.1111,4.1171,0.9291,1.0513,1.0196,0.5629,0.4115,0.3461,2.9083,0.6994,0.3949,0,180,0,29,176,727,566,363,12480,12,9739
mapas,2,lago central,5,Socialdemocracia,2,17862,81,1003,9.5394,114.7778,43.2554,0.166,10.2806,29.375,0,6.5688,33.2032,1.5559,26.6667,2,6,3.7527,0.9475,0.9575,1.0949,0.6498,1.3156,0.3059,3.6972,0.7442,0.3769,0,269,0,35,217,950,971,530,16779,6,10446
mapas,2,lago central,5,Socialdemocracia,3,25781,81,1078,9.5394,119.4583,41.2218,0.1406,8.7556,19.375,0,6.7982,32.933,1.1577,33.3194,2.3194,6,1.9714,0.913,1.0287,1.0583,0.6468,1.0201,0.4608,4.8194,0.8916,0.3451,0,318,0,60,249,1093,1413,628,17414,4,10968
mapas,2,lago central,5,Socialdemocracia,4,33700,81,894,9.5394,140.9167,47.7088,0.147,6.9528,30.9306,0,6.9893,50.8389,1.5319,41.9583,3,11.8056,2.3318,1.0468,0.9113,1.042,0.614,0.8534,0.6929,7.9806,0.8472,0.3386,0,401,0,61,305,1496,1853,815,19158,11,13165
mapas,2,lago central,5,Socialdemocracia,5,41619,81,786,9.5394,207.0139,79.7594,0.1846,15.0667,48.4722,0,6.4917,35.2565,2.2922,37.4028,2.6806,9.2083,5.901,0.983,0.9962,1.0208,0.5328,0.8867,0.409,7.6667,1.0983,0.3853,0,401,0,63,206,1374,1210,746,17225,15,11012
mapas,2,lago central,6,Socialismo (planificación parcial),0,2024,81,1009,9.5394,11.7083,3.4769,0.049,0.3083,2.7361,0,7.716,13.1968,0,7.9583,0,3.6111,0,0.9806,0.9999,1.0195,0.6826,1.6692,1.1496,0.6111,0.6686,0.297,0,88,0,32,150,638,530,0,5315,3,8900
mapas,2,lago central,6,Socialismo (planificación parcial),1,9943,81,1080,9.5394,7.8056,2.4276,0.1051,0.4806,0.2083,0,7.0185,11.5359,0,5.1111,0,1.7222,0,0.9986,1.105,0.8964,0.8308,2.4908,0.1884,0.2028,0.474,0.311,0,77,0,20,154,398,331,0,7784,1,4125
mapas,2,lago central,6,Socialismo (planificación parcial),2,17862,81,1003,9.5394,12.6111,4.6595,0.0618,0.0028,7.8333,0,7.6504,3.9815,1.7509,4.8056,0,2,2.7217,0.9864,0.9608,1.0529,0.3753,3.4209,0,0,0,0.3695,0,82,0,25,144,487,416,0,6460,3,5460
mapas,2,lago central,6,Socialismo (planificación parcial),3,25781,81,1078,9.5394,45.5833,14.3591,0.045,0.3278,18,0,7.7334,30.3831,1.0841,16.0417,1,8.1389,0.6481,1.024,1.074,0.9021,0.3775,1.3639,0.2686,0.0972,0.3297,0.315,0,154,0,41,174,993,630,0,6397,4,3384
mapas,2,lago central,6,Socialismo (planificación parcial),4,33700,81,894,9.5394,72.7639,25.3174,0.0931,2.2028,22.4167,0,7.2369,21.3409,1.7226,23.7778,1.7778,5.5833,1.1381,1.1138,0.8722,1.0141,0.4617,1.4008,0.374,2.25,0.9008,0.3479,0,208,0,30,200,1455,1298,0,13486,2,5746
mapas,2,lago central,6,Socialismo (planificación parcial),5,41619,81,786,9.5394,0,0,0,0,0,0,0,0,0,0,0,0,0,0,0,0,0,0,0,0,0,0,1,34,0,29,105,64,109,0,5581,2,2456
mapas,2,lago central,2,Comunismo,0,2024,81,1009,9.5394,10.5972,4.2786,0,0.0333,8.0556,0,6.5966,2.7465,2.266,3.8056,0,1.7639,0.1736,0.9265,1.0521,1.0215,0.302,2.2032,0.4505,0.1056,0.2769,0.4037,0,68,0,31,125,437,273,0,2039,1,4381
mapas,2,lago central,2,Comunismo,1,9943,81,1080,9.5394,24.5,7.1549,0.0004,0.1861,6.8056,0,6.5876,12.64,0.5084,7.2083,0,2,3.6496,1.0454,0.9817,0.9728,0.4376,0.1599,0.7505,3.175,0.8726,0.292,0,89,0,23,146,620,389,0,3247,4,6880
mapas,2,lago central,2,Comunismo,2,17862,81,1003,9.5394,10.3333,4.339,0.0022,1.4861,3.3472,0,5.966,10.4769,1.1111,4.0833,0,3,0,0.9434,1.0445,1.0121,0.7772,2.0944,0,0.4333,0.6772,0.4199,0,79,0,19,153,515,427,0,5303,9,4573
mapas,2,lago central,2,Comunismo,3,25781,81,1078,9.5394,42.5972,16.8885,0.0027,1.8722,19.8611,0,6.1149,20.0268,1.4133,11.1111,1,6.0556,2.5805,0.9141,1.1669,0.919,0.3971,1.1334,0.0052,4.0306,0.7716,0.3965,0,130,0,27,161,1150,782,0,6311,0,7673
mapas,2,lago central,2,Comunismo,4,33700,81,894,9.5394,76.7639,25.5533,0.0017,3.725,24.1944,0,6.1306,30.4213,1.0305,22.2639,0,4,2.2782,1.0899,0.9,1.01,0.4472,1.5672,0.1472,1.8417,0.8872,0.3329,0,206,0,25,211,1475,1118,0,10856,1,4185
mapas,2,lago central,2,Comunismo,5,41619,81,786,9.5394,0,0,0,0,0,0,0,0,0,0,0,0.2361,0,0,0,0,0,0,0,0,0,0,1,42,0,25,117,214,189,0,3906,1,1783
mapas,3,dos oasis lejanos,3,Anarquía primitiva,0,2024,42,1172,8.0744,249.5,85.4157,0.4113,32.0333,9.8194,1.062,5.8457,52.2388,1.9695,57.9444,3.2361,11.8889,2.8972,0.9735,0.9443,1.0821,0.7192,0.2842,0.256,2.9222,1.005,0.3423,0,759,235,27,328,507,1101,0,42830,11,7490
mapas,3,dos oasis lejanos,3,Anarquía primitiva,1,9943,42,1234,8.0744,251.4861,82.9165,0.4474,26.5333,14.4306,2.1131,5.7344,47.9329,1.9035,61.0417,4,21.5278,0.881,0.9668,0.9791,1.0541,0.7261,0.5977,0.2081,3.2167,1.0455,0.3297,0,817,346,61,272,774,1088,0,38291,14,5975
mapas,3,dos oasis lejanos,3,Anarquía primitiva,2,17862,42,878,8.0744,276.3194,92.1178,0.4178,32.1194,8.2083,1.7454,5.0439,42.7261,1.7083,61.9028,4,11.4167,2.0618,0.9619,1.023,1.0151,0.7631,0.428,0.1985,2.8139,1.1139,0.3334,0,740,204,60,303,449,817,0,42228,10,6295
mapas,3,dos oasis lejanos,3,Anarquía primitiva,3,25781,42,1201,8.0744,253.5556,82.7135,0.3996,26.9444,11.3889,2.2897,5.2976,43.87,1.7167,62.875,4,25.0972,1.4178,1.0547,0.9183,1.027,0.7346,0.4891,0.1823,3.2306,1.0209,0.3262,0,744,281,60,270,782,1087,0,38260,11,5897
mapas,3,dos oasis lejanos,3,Anarquía primitiva,4,33700,42,789,8.0744,213.5833,73.0756,0.3823,24.825,7.8889,1.6448,5.6165,48.1582,1.7426,58.2083,4.2778,21.8333,1.6684,1.0151,0.9833,1.0016,0.7464,0.6914,0.3235,3.4056,1.1629,0.3421,0,662,207,59,292,541,937,0,37161,13,7052
mapas,3,dos oasis lejanos,3,Anarquía primitiva,5,41619,42,1024,8.0744,233.1111,78.5943,0.3865,29.4694,6.4444,1.4873,5.6152,46.4014,1.692,56.5417,2,9.2639,1.8842,0.9907,0.9472,1.0621,0.741,0.59,0.2429,1.8389,1.1935,0.3372,0,729,222,63,309,477,824,0,44784,10,5744
mapas,3,dos oasis lejanos,1,Anarcocapitalismo,0,2024,42,1172,8.0744,198.8333,66.0307,0.3399,17.8972,14.4444,1.1827,6.319,36.1454,2.0092,48.0417,2.625,7,2.5675,1.0351,0.9193,1.0456,0.6877,0.3654,0.297,7.9917,1.0063,0.3321,0,643,236,63,232,682,1006,429,25954,6,12188
mapas,3,dos oasis lejanos,1,Anarcocapitalismo,1,9943,42,1234,8.0744,181.2083,60.5379,0.3315,13.9667,11.6667,1.3444,6.4041,34.7558,1.9359,45.0833,4,9,2.6564,1.0136,0.955,1.0314,0.7031,0.8356,0.2371,5.5111,0.7754,0.3341,0,574,186,37,266,710,1016,478,26178,14,9573
mapas,3,dos oasis lejanos,1,Anarcocapitalismo,2,17862,42,878,8.0744,188.4028,66.313,0.3809,21.3556,14.6806,1.2335,6.8393,40.2817,2.1397,41.7361,2.5278,10.5556,3.5138,0.8949,1.0046,1.1006,0.6596,0.6606,0.3675,4.6472,1.1392,0.352,0,573,179,53,235,707,818,445,25618,15,8820
mapas,3,dos oasis lejanos,1,Anarcocapitalismo,3,25781,42,1201,8.0744,222.9306,75.0774,0.3426,17.175,18.6944,1.3656,6.337,40.2734,1.9578,47.3333,3,6.9583,3.51,1.0051,0.9843,1.0106,0.7074,0.7983,0.3268,4.1583,0.9283,0.3368,0,657,218,74,239,970,1148,617,30295,9,5371
mapas,3,dos oasis lejanos,1,Anarcocapitalismo,4,33700,42,789,8.0744,187.5694,62.5096,0.3154,15.45,13.6667,1.0287,5.9607,43.6646,1.5033,46.0556,3,10,1.4382,1.0303,1.0214,0.9482,0.7395,0.4858,0.3253,3.9556,0.733,0.3333,0,578,184,74,251,703,1109,461,25338,9,8345
mapas,3,dos oasis lejanos,1,Anarcocapitalismo,5,41619,42,1024,8.0744,183.7917,59.5376,0.3244,16.575,14.2917,1.5054,5.9869,37.3483,2.0598,48.0833,4,9.8889,1.1302,0.988,0.9277,1.0843,0.6769,0.3903,0.4227,3.975,0.887,0.3239,0,572,191,78,226,609,1104,403,30679,6,5675
mapas,3,dos oasis lejanos,4,Capitalismo con Estado mínimo,0,2024,42,1172,8.0744,169.0417,49.6232,0.3189,5.6028,20.1667,1.3403,6.5653,33.4784,1.9617,39.625,3.0417,9,2.5083,0.9396,0.9759,1.0845,0.6397,0.7635,0.3587,7.5639,1.0626,0.2936,0,509,147,94,204,855,1030,489,13214,3,14304
mapas,3,dos oasis lejanos,4,Capitalismo con Estado mínimo,1,9943,42,1234,8.0744,155.4306,45.8852,0.3014,5.4639,10.5139,0.9321,6.9565,33.0846,1.5295,36.8611,1.7083,9,5.1873,1.0096,0.9243,1.0661,0.7413,0.8788,0.3466,6.15,0.8732,0.2952,0,433,112,88,197,454,620,245,11142,7,10908
mapas,3,dos oasis lejanos,4,Capitalismo con Estado mínimo,2,17862,42,878,8.0744,111.6667,31.1634,0.3009,2.1028,10.2083,0.6932,7.2739,34.2674,1.7198,35.3056,2.1528,10.3333,2.9589,1.0002,0.9291,1.0708,0.6662,0.9362,0.3059,4.1389,0.9298,0.2791,0,422,117,90,218,702,805,397,8901,2,7231
mapas,3,dos oasis lejanos,4,Capitalismo con Estado mínimo,3,25781,42,1201,8.0744,106.4306,36.2462,0.2558,8.7972,17.75,0.8308,6.0346,32.4416,1.8368,32.6111,2.1389,10,0.5887,1.0251,0.9097,1.0652,0.6569,0.6815,0.4699,1.7639,0.827,0.3406,0,429,162,85,177,981,1177,549,15797,5,6882
mapas,3,dos oasis lejanos,4,Capitalismo con Estado mínimo,4,33700,42,789,8.0744,151.1944,50.7241,0.3094,7.525,24.125,0.6693,7.3658,35.6148,2.4665,34.2639,2.4028,11,2.8224,0.9904,0.9656,1.044,0.6428,0.4832,0.5007,5.0306,1.0539,0.3355,0,471,124,77,218,809,947,486,13419,5,9221
mapas,3,dos oasis lejanos,4,Capitalismo con Estado mínimo,5,41619,42,1024,8.0744,133.4306,48.1849,0.2809,10.675,16.1667,0.5363,7.0617,30.1538,2.3686,33.3333,2,6.2639,1.2155,1.0936,0.9967,0.9097,0.6928,0.8185,0.1838,4.3111,1.0349,0.3611,0,418,113,58,211,628,594,360,17620,9,7169
mapas,3,dos oasis lejanos,5,Socialdemocracia,0,2024,42,1172,8.0744,98.1528,34.8568,0.1508,7.1528,21.2361,0,6.9103,33.604,1.515,25.3194,1.4306,7.7639,2.4553,0.917,1.0165,1.0665,0.5954,0.7104,0.3395,7.1028,1.0549,0.3551,0,280,0,50,232,1128,1063,489,14084,7,11961
mapas,3,dos oasis lejanos,5,Socialdemocracia,1,9943,42,1234,8.0744,84.8056,31.783,0.1516,6.2722,16.4306,0.0171,6.8079,33.1314,1.6865,25.9306,1,5,1.2869,1.0259,1.0069,0.9672,0.6152,1.392,0.3036,3.2556,0.8918,0.3748,0,309,0,46,278,1112,1276,603,16759,16,11118
mapas,3,dos oasis lejanos,5,Socialdemocracia,2,17862,42,878,8.0744,45.1389,13.4247,0.1258,0.8472,9.5556,0,7.3269,24.9421,1.0881,17.5833,0.8472,6.5139,1.1137,0.9744,0.9004,1.1252,0.6171,1.6094,0.578,3.6972,1.0102,0.2974,0,186,0,37,211,678,654,299,9420,4,10551
mapas,3,dos oasis lejanos,5,Socialdemocracia,3,25781,42,1201,8.0744,129.0417,44.6824,0.143,8.5278,22.8056,0,6.9695,42.7081,1.2607,35.3056,2,8.2778,1.4926,0.9837,1.0062,1.0101,0.6657,0.7224,0.5488,3.5111,0.8754,0.3463,0,338,0,64,258,1391,1421,773,18504,4,11297
mapas,3,dos oasis lejanos,5,Socialdemocracia,4,33700,42,789,8.0744,26.3056,8.2653,0.1121,0.6944,5.6806,0,7.4607,17.7674,1.0368,13.2639,0,3.9306,2.2833,1.1266,0.9435,0.9299,0.7119,0.899,0.3405,1.9667,0.7435,0.3142,0,166,0,38,206,552,673,284,8543,7,11573
mapas,3,dos oasis lejanos,5,Socialdemocracia,5,41619,42,1024,8.0744,189.9028,73.547,0.175,14.9417,43.3194,0,6.5082,33.4295,1.9944,37.7778,2.8611,7.375,4.1488,1.0006,1.004,0.9954,0.5972,0.7043,0.3219,4.9917,0.9725,0.3873,0,396,0,41,233,1317,1597,808,19249,16,9850
mapas,3,dos oasis lejanos,6,Socialismo (planificación parcial),0,2024,42,1172,8.0744,14.3333,3.3847,0.0242,0,1.6528,0,7.9942,5.7946,0.4167,7.3194,0,1.8194,0.0992,0.9125,0.9965,1.0911,0.5789,1.1822,1.2898,0,0,0.2361,0,79,0,14,154,456,386,0,8625,5,6400
mapas,3,dos oasis lejanos,6,Socialismo (planificación parcial),1,9943,42,1234,8.0744,48.375,21.5128,0.1019,6.5861,13.6806,0,7.1682,18.1146,1.0046,14.8611,0,2.1389,1.1319,0.9698,0.9864,1.0439,0.6016,1.4149,0.5672,3.9778,1.0098,0.4447,0,161,0,26,190,1239,836,0,20668,4,8261
mapas,3,dos oasis lejanos,6,Socialismo (planificación parcial),2,17862,42,878,8.0744,30,11.4329,0.0767,2.25,12.1806,0,7.409,16.0689,0.7404,11.8889,0,3,3.346,1.0333,1.004,0.9627,0.6448,1.4398,0.2372,0.4,0.7955,0.3811,0,123,0,27,173,812,578,0,11805,0,4002
mapas,3,dos oasis lejanos,6,Socialismo (planificación parcial),3,25781,42,1201,8.0744,20.4444,8.5682,0.0717,0.8222,11.6528,0,7.469,10.3808,1.4547,6.8472,0,1.5,0.3777,1.0883,0.9046,1.0072,0.5268,0.8023,2.8446,0.4361,0.9688,0.4191,0,96,0,37,138,633,493,0,10284,2,3772
mapas,3,dos oasis lejanos,6,Socialismo (planificación parcial),4,33700,42,789,8.0744,43.625,17.4797,0.1313,6.2417,5.6944,0,6.8392,24.8765,0.6258,18.3611,1,5.9583,3.3796,0.9955,1.0051,0.9994,0.6851,0.7804,0.2681,1.9722,0.8182,0.4007,0,158,0,27,200,1014,977,0,18484,4,7587
mapas,3,dos oasis lejanos,6,Socialismo (planificación parcial),5,41619,42,1024,8.0744,41.1806,16.424,0.0761,2.3583,14.6806,0,7.4068,20.364,1.119,14.125,0,3.0833,0.8918,1.0078,1.1305,0.8617,0.4798,0.522,1.509,0.0333,0.1249,0.3988,0,139,0,22,181,1053,789,0,14396,2,5223
mapas,3,dos oasis lejanos,2,Comunismo,0,2024,42,1172,8.0744,21.7083,7.7481,0.0019,0.5139,10.7778,0,6.3113,9.2894,1.9434,9.25,0,3.0694,2.039,0.9128,0.9939,1.0933,0.3262,1.5948,0.2887,0.3111,0.9322,0.3569,0,100,0,24,150,612,499,0,3755,4,5756
mapas,3,dos oasis lejanos,2,Comunismo,1,9943,42,1234,8.0744,35.4583,11.9232,0.0008,1.2139,8.9722,0,6.1663,15.6071,0.8639,12.5972,0,3.5833,0.1822,1.067,0.9801,0.953,0.5437,1.4063,0.171,1.1306,0.7632,0.3363,0,133,0,23,177,995,643,0,5945,5,6133
mapas,3,dos oasis lejanos,2,Comunismo,2,17862,42,878,8.0744,29.2917,13.7225,0.0012,5.3306,10.2778,0,6.1529,17.2807,1.9042,9.4028,0,4,1.5942,0.9735,0.8401,1.1865,0.516,0.7492,0.1582,0.5389,0.628,0.4685,0,122,0,30,164,763,452,0,9220,2,3552
mapas,3,dos oasis lejanos,2,Comunismo,3,25781,42,1201,8.0744,19.1389,8.9498,0,3.2111,7.7778,0,6.3822,11.6146,0.4287,7.9306,0,2,0.0772,1.0279,1.1241,0.848,0.5619,0.8211,0.0337,0.1778,0.3532,0.4676,0,95,0,37,144,791,574,0,6786,3,4307
mapas,3,dos oasis lejanos,2,Comunismo,4,33700,42,789,8.0744,20.2778,7.0068,0.0021,0.9222,9.0139,0,6.3192,11.5093,0.9031,9.6667,0,1.9722,0,1.0298,1.0521,0.9181,0.4115,0.2751,1.0032,0.2222,0.4835,0.3455,0,117,0,27,173,977,730,0,6256,4,8174
mapas,3,dos oasis lejanos,2,Comunismo,5,41619,42,1024,8.0744,18.0556,5.5928,0.0015,0.3,4.2222,0,6.5582,9.6753,1.2634,8.25,0,4,1.0648,0.9605,0.9839,1.0555,0.534,0.2636,0.2354,0.3417,0.4177,0.3098,0,94,0,15,160,524,311,0,5652,1,4035
mapas,4,costa,3,Anarquía primitiva,0,2024,90,1145,23,103.5139,33.8118,0.4086,11.9083,5.7083,2.7744,5.6759,25.6188,2.1014,26.6389,2.2222,11,2.8364,0.9549,0.8999,1.1452,0.7085,0.8924,0.3424,0.8056,1.0771,0.3266,0,374,206,31,132,338,359,0,19348,0,2493
mapas,4,costa,3,Anarquía primitiva,1,9943,90,1074,23,92.2639,33.5311,0.3903,13.2444,2.7222,1.8319,5.6336,29.8324,2.025,23.75,2.4583,9.5417,2.8711,0.9168,1.0491,1.0341,0.7714,0.4689,0.2105,0.3889,0.7619,0.3634,0,375,166,76,139,197,252,0,23585,2,1989
mapas,4,costa,3,Anarquía primitiva,2,17862,90,868,23,95.5417,34.2095,0.3704,17.1833,0.6111,0.8552,5.0723,33.3752,1.3588,25.9444,2,12.7639,1.3287,0.9886,0.9319,1.0795,0.7941,0.5436,0.1923,0.7778,0.9539,0.3581,0,331,151,45,147,223,283,0,20758,0,2562
mapas,4,costa,3,Anarquía primitiva,3,25781,90,1136,23,89.2639,30.8473,0.3736,12.9083,3.0139,1.4823,5.987,24.5295,1.8995,24.1944,1,22.5972,1.8319,0.9656,0.8675,1.1669,0.7095,0.5935,0.3129,0.6972,0.8331,0.3456,0,352,180,43,132,203,245,0,21952,0,2106
mapas,4,costa,3,Anarquía primitiva,4,33700,90,658,23,133.7778,45.6175,0.4495,15.5917,5.6806,1.9924,5.5641,33.6733,1.6993,31.9583,2.2222,20.6944,1.3331,0.9742,1.0369,0.9889,0.7376,0.7054,0.3719,0.6528,0.8758,0.341,0,437,205,74,133,421,416,0,23026,0,2998
mapas,4,costa,3,Anarquía primitiva,5,41619,90,784,23,122.0139,38.7795,0.3733,11.3861,3.7778,2.4066,5.6808,32.7486,1.7133,31.5694,2,20.9306,1.7695,0.9064,0.982,1.1116,0.7432,0.8359,0.4883,1.25,0.9847,0.3178,0,434,204,86,131,289,433,0,20867,0,4147
mapas,4,costa,1,Anarcocapitalismo,0,2024,90,1145,23,98.625,35.1718,0.3474,10.0833,10.6944,2.5358,5.5235,23.9215,2.3648,22.7639,2.6389,5,3.6657,1.0423,0.8592,1.0985,0.6422,1.1288,0.3426,1.5306,1.0888,0.3566,0,295,152,26,118,457,471,286,19448,0,2934
mapas,4,costa,1,Anarcocapitalismo,1,9943,90,1074,23,88.2361,29.9787,0.3102,7.1944,6.8472,1.4036,6.8098,28.143,2.0597,24.75,2.8333,10,1.4428,0.8815,1.1044,1.0141,0.6981,0.7339,0.2954,2.0722,0.988,0.3398,0,274,87,64,131,283,431,173,13142,0,4505
mapas,4,costa,1,Anarcocapitalismo,2,17862,90,868,23,133.9306,41.2132,0.377,9.4722,7.8472,2.6433,6.1387,27.5649,2.6126,26.1944,1.125,8,6.2872,0.9239,0.999,1.0771,0.6244,0.4684,0.282,3.3444,1.0452,0.3077,0,458,200,90,133,536,602,322,13144,8,5574
mapas,4,costa,1,Anarcocapitalismo,3,25781,90,1136,23,115.1667,37.3109,0.4337,8.2222,16.3611,2.4911,6.7415,26.8646,2.5703,25.6667,2,15.6528,3.0093,0.8813,1.033,1.0857,0.5827,0.6809,0.4536,1.0167,0.9478,0.324,0,351,142,62,137,526,555,300,12288,2,5065
mapas,4,costa,1,Anarcocapitalismo,4,33700,90,658,23,81.6528,27.1757,0.3196,9.6444,2.1667,1.5704,6.0014,31.1327,1.6641,22.1806,1,7.3333,0.838,0.9218,1.0074,1.0708,0.7412,0.5984,0.443,2.9889,1.0008,0.3328,0,300,129,65,129,273,272,144,14589,0,4768
mapas,4,costa,1,Anarcocapitalismo,5,41619,90,784,23,106.6528,40.3175,0.2981,15.7611,6.6667,0.9251,5.9848,28.3142,1.638,26.2361,2,12.4583,1.7395,1.0079,0.9638,1.0283,0.7431,0.6795,0.2366,2.1806,1.0912,0.378,0,347,134,79,130,358,504,231,22201,5,4270
mapas,4,costa,4,Capitalismo con Estado mínimo,0,2024,90,1145,23,51.75,18.066,0.2522,4.5861,7.8472,0.8783,6.1799,19.6308,2.1917,15.4167,0,4,2.9801,1.0141,0.9124,1.0735,0.6814,1.3669,0.2603,1.9333,0.7597,0.3491,0,237,104,76,107,461,405,221,13325,1,3452
mapas,4,costa,4,Capitalismo con Estado mínimo,1,9943,90,1074,23,50.9722,17.3285,0.2734,2.3083,2.9444,0.1617,7.5401,22.5955,2.395,14.7917,1,8.125,3.2325,0.8945,1.1154,0.9901,0.7032,1.372,0.3702,1.4056,0.9991,0.34,0,209,49,88,114,245,256,122,7342,0,5871
mapas,4,costa,4,Capitalismo con Estado mínimo,2,17862,90,868,23,66.1667,22.448,0.2802,4.2694,7.8611,0.882,6.7741,21.0755,2.2219,19.875,2,6,2.1732,0.9663,0.977,1.0567,0.6766,1.1989,0.5859,2.8167,0.7841,0.3393,0,272,90,98,117,414,411,203,8460,1,6943
mapas,4,costa,4,Capitalismo con Estado mínimo,3,25781,90,1136,23,33.8889,12.2669,0.2962,1.8222,9.2222,0.7183,6.9268,10.5521,3.4002,7.375,1,5.2083,6.7994,0.9466,1.0569,0.9964,0.4772,0.2433,0.5921,0.9694,0.785,0.362,0,147,43,73,88,240,233,113,3359,1,2478
mapas,4,costa,4,Capitalismo con Estado mínimo,4,33700,90,658,23,77.9028,25.2892,0.196,3.5472,7.7222,0.4845,6.066,20.8245,1.1025,20.5,1,7.7917,3.0261,1.0627,0.9935,0.9438,0.7251,0.2957,0.6184,3.4583,0.8622,0.3246,0,206,55,68,112,350,496,181,8672,1,5617
mapas,4,costa,4,Capitalismo con Estado mínimo,5,41619,90,784,23,57.7083,23.8002,0.309,7.3222,11.7083,0.3567,6.927,28.6858,2.2656,18.8889,1,12.8194,1.6616,1.0164,0.9184,1.0652,0.7064,0.6749,0.4652,0.9194,1.1582,0.4124,0,252,91,90,113,475,474,243,10385,0,3628
mapas,4,costa,5,Socialdemocracia,0,2024,90,1145,23,38.0139,14.0649,0.1554,3.3639,12.7222,0,7.0066,12.7355,1.3984,11.9722,0,4,2.7049,0.9298,0.9488,1.1214,0.5502,0.9117,0.3218,3.2889,1.3413,0.37,0,119,0,52,125,437,353,175,8767,1,5110
mapas,4,costa,5,Socialdemocracia,1,9943,90,1074,23,45.0417,19.541,0.1573,6.3528,12.8472,0,6.9302,14.6528,2.2129,11.6667,1,6.0972,2.2084,0.9385,1.0032,1.0583,0.5471,0.3553,0.4819,2.6111,0.8615,0.4338,0,151,0,81,116,609,456,262,11337,3,7709
mapas,4,costa,5,Socialdemocracia,2,17862,90,868,23,28.6806,9.4482,0.1303,0.8417,6.5417,0,7.1164,14.3397,1.945,11.0972,0,2.0556,0.2525,0.8617,1.0877,1.0506,0.5177,1.4739,0.72,2.8667,1.0589,0.3294,0,134,0,92,111,432,346,168,9050,1,4229
mapas,4,costa,5,Socialdemocracia,3,25781,90,1136,23,11.2639,3.1104,0.0987,0.1444,1.9444,0,7.467,12.7101,0.4464,6.4861,0,1.9444,0.5015,1.0399,0.9684,0.9917,0.7249,0.6946,0.3042,0.1333,0.3061,0.2761,0,115,0,75,134,357,301,168,6358,2,4728
mapas,4,costa,5,Socialdemocracia,4,33700,90,658,23,28,10.2872,0.1254,2.7611,3.4722,0,7.0279,13.6198,1.2789,10.7222,0,3.8333,1.4282,1.0006,0.9325,1.0669,0.6078,1.3555,0.6716,1.9306,0.934,0.3674,0,124,0,75,125,256,302,102,7650,5,4235
mapas,4,costa,5,Socialdemocracia,5,41619,90,784,23,18.25,5.3076,0.1208,0.1056,4.7917,0,7.346,9.1458,0.926,6.1111,0,3,2.3381,0.9852,0.9422,1.0726,0.4478,0.2724,0.5108,0.0083,0.0542,0.2908,0,96,0,78,103,260,284,100,5379,1,5278
mapas,4,costa,6,Socialismo (planificación parcial),0,2024,90,1145,23,4.1944,1.4779,0.0912,0.5361,0,0,6.389,8.7153,0,3.5556,0,2.2917,0,1.0043,0.9917,1.004,0.9517,0,0,0.0333,0.0828,0.3524,1,63,0,74,88,296,189,0,6809,0,1857
mapas,4,costa,6,Socialismo (planificación parcial),1,9943,90,1074,23,5.9444,1.4619,0.0354,0,0.5556,0,7.7979,8.7894,0,5.2917,0,3,0,1.0628,0.9762,0.961,0.4559,0.3847,3.4677,0.0139,0.0357,0.2459,1,51,0,66,83,278,171,0,4564,1,2555
mapas,4,costa,6,Socialismo (planificación parcial),2,17862,90,868,23,14.2778,5.1122,0.1003,1.7056,1.0972,0,7.097,6.8866,0.2222,9.0694,0,2,0,0.9355,0.9792,1.0853,0.7066,2.0892,0.9511,0.5167,0.8568,0.3581,0,83,0,72,100,409,268,0,6090,0,3232
mapas,4,costa,6,Socialismo (planificación parcial),3,25781,90,1136,23,22.1944,8.2883,0.0542,1.0083,11.625,0,7.6747,7.6863,1.3258,6.7917,0,4,0.8085,0.9279,0.9326,1.1395,0.3309,1.0187,0.889,1.1444,1.3081,0.3734,0,79,0,65,92,517,364,0,3104,0,2848
mapas,4,costa,6,Socialismo (planificación parcial),4,33700,90,658,23,18.0833,7.4938,0.0444,1.0861,6.2778,0,7.84,2.3368,1.5967,4.7778,0,3.5556,2.6175,0.9051,1.1646,0.9303,0.3397,1.2358,2.2858,0,0,0.4144,0,83,0,78,85,459,227,0,6305,1,1637
mapas,4,costa,6,Socialismo (planificación parcial),5,41619,90,784,23,4.9306,1.2024,0.092,0,0,0,7.1374,4.5035,0,3.7222,0,3,0,1.0072,1.0319,0.9609,0.774,0.9556,0,0.0694,0.1953,0.2439,0,68,0,67,98,331,255,0,5364,0,4476
mapas,4,costa,2,Comunismo,0,2024,90,1145,23,17.2083,7.0656,0.0001,0.825,10,0,8.0883,3.8854,2.1942,4,0,2,1.5718,0.9976,1.0818,0.9206,0.3469,0.9547,0.9861,0.9472,1.2115,0.4106,0,71,0,72,79,428,264,0,3216,0,2366
mapas,4,costa,2,Comunismo,1,9943,90,1074,23,0.4583,0.1088,0,0,0,0,2.6713,1.0845,0,0.4583,0,0.7917,0,0.3469,0.6011,0.427,0.3688,0,0,0,0,0.1088,1,59,0,54,105,326,239,0,3349,1,5792
mapas,4,costa,2,Comunismo,2,17862,90,868,23,4.8333,1.1737,0.001,0,0,0,5.8981,6.4988,0,3.5278,0,1.8472,13.4761,1.0553,0.9605,0.9842,0.6748,3.7125,0,0,0,0.2428,1,66,0,52,113,491,332,0,2990,2,2491
mapas,4,costa,2,Comunismo,3,25781,90,1136,23,17.4444,6.9887,0.0006,0.0333,9.9306,0,7.1805,6.3924,0.9296,4.7083,0,3,1.0913,1.0331,1.1758,0.7911,0.3708,2.3044,0.9962,0.7528,1.3771,0.4006,0,90,0,76,98,608,257,0,1368,0,3121
mapas,4,costa,2,Comunismo,4,33700,90,658,23,13.4167,3.5785,0.0031,0.0417,2.6667,0,6.1786,13.3715,0,8.0139,0.0694,2.7917,4.1408,0.9751,1.0768,0.9481,0.6298,2.3638,0.8725,0.0667,0.2371,0.2667,0,77,0,67,105,439,326,0,3018,0,1849
mapas,4,costa,2,Comunismo,5,41619,90,784,23,16.8333,5.7707,0.0028,0.4694,6.7361,0,6.6034,13.6563,2.1342,7,0,3.4722,2.1973,0.9536,1.0037,1.0426,0.3444,0.666,0.8073,1.0806,0.8175,0.3428,0,93,0,70,105,639,204,0,2758,0,4859
mapas,5,muchos charcos,3,Anarquía primitiva,0,2024,35,1290,5,586,190.7468,0.4341,43.1778,44.5417,2.0067,5.9889,49.1105,2.0395,120.6528,4.625,56.5139,4.4925,1.0878,0.9204,0.9918,0.6869,0.7387,0.2876,11.3667,0.9567,0.3255,0,1577,425,87,558,2417,2718,0,51222,46,22762
mapas,5,muchos charcos,3,Anarquía primitiva,1,9943,38,1344,4.3538,607.3611,210.2077,0.416,53.8389,36.125,1.1437,6.5691,52.1147,2.0777,121.8611,6.0278,19.7361,4.1836,1.0307,1.0024,0.9669,0.7088,0.5932,0.2717,14.6889,1.1109,0.3461,0,1637,302,212,556,1815,2192,0,60976,60,22765
mapas,5,muchos charcos,3,Anarquía primitiva,2,17862,40,1273,4.7443,630.5417,212.0569,0.4299,68.0972,29.7917,1.8359,5.2605,54.2916,1.903,131.4028,5.2778,57.1111,2.6906,1.0136,1.0039,0.9825,0.7463,0.4338,0.2171,7.1472,0.8846,0.3363,0,1586,367,47,635,1708,2656,0,80559,42,14085
mapas,5,muchos charcos,3,Anarquía primitiva,3,25781,35,1288,6.2875,472.7222,156.2629,0.4311,39.2639,33.3333,2.1552,5.9144,48.5389,1.9948,100.1389,7.0139,15.75,3.83,1.0129,1.0066,0.9805,0.7155,0.5292,0.42,8.0333,0.9839,0.3306,0,1297,347,113,474,1429,2073,0,51156,65,12784
mapas,5,muchos charcos,3,Anarquía primitiva,4,33700,36,1279,4.8355,588.9583,199.6988,0.396,70.65,32.2361,1.0915,5.962,60.0977,1.9758,122.875,8,45.5417,2.7093,1.0021,0.9035,1.0944,0.7296,0.7455,0.1319,4.9528,0.9643,0.3391,0,1474,265,77,607,1433,1668,0,79506,42,11088
mapas,5,muchos charcos,3,Anarquía primitiva,5,41619,37,1266,4.2074,665.875,228.6617,0.4511,62.8083,37.5972,2.3613,5.4432,48.8072,1.9768,143.2917,7,38.5972,2.1974,1.0565,1.0526,0.8909,0.7145,0.5207,0.2324,9.7972,1.0531,0.3434,0,1904,601,163,568,2453,2782,0,76556,41,17877
mapas,5,muchos charcos,1,Anarcocapitalismo,0,2024,35,1290,5,566.0139,191.258,0.3999,39.9167,61,1.5784,6.2286,51.4544,1.9306,121.7639,4,41.8889,3.6866,1.0728,0.9566,0.9707,0.6998,0.5836,0.4329,7.2194,1.0312,0.3379,0,1448,382,59,536,2590,3251,1588,49411,26,14655
mapas,5,muchos charcos,1,Anarcocapitalismo,1,9943,38,1344,4.3538,504.875,169.9794,0.3025,41.9389,28.3056,0.7734,6.4417,55.2559,1.8582,111.0833,6.3194,19.7778,2.5475,0.97,1.0137,1.0163,0.7094,0.8073,0.4121,13.7222,1.117,0.3367,0,1263,260,95,475,1651,2143,993,46505,29,20460
mapas,5,muchos charcos,1,Anarcocapitalismo,2,17862,40,1273,4.7443,556.6111,178.9695,0.3613,39.5083,37.875,1.3535,5.8128,54.0218,1.8435,122.6667,2,89.4306,2.215,1.014,1.0044,0.9817,0.715,0.5481,0.2997,12.5833,0.9524,0.3215,0,1452,331,83,564,2173,2921,1400,54265,43,17887
mapas,5,muchos charcos,1,Anarcocapitalismo,3,25781,35,1288,6.2875,388.375,132.0995,0.3389,34.6528,25.4306,1.0933,6.3222,52.8003,1.8955,81.8472,2,36,2.9699,1.0825,0.9279,0.9896,0.7166,0.4277,0.3009,11.0444,0.9202,0.3401,0,968,190,87,380,1162,1571,743,41405,26,15304
mapas,5,muchos charcos,1,Anarcocapitalismo,4,33700,36,1279,4.8355,513.2917,178.2553,0.3636,52.275,45.5972,1.1771,6.1759,52.2385,2.0472,102.9167,5.9444,28.2361,3.3274,1.008,0.9459,1.0461,0.7135,0.5756,0.2453,6.0639,1.0448,0.3473,0,1198,202,46,500,1760,2113,1099,59061,46,10862
mapas,5,muchos charcos,1,Anarcocapitalismo,5,41619,37,1266,4.2074,501.8333,181.5931,0.3743,45.4833,43.625,1.7487,6.083,50.0754,2.0912,109.75,6.7917,33,3.2283,1.0145,1.089,0.8965,0.7132,0.5595,0.4101,13.1972,1.0382,0.3619,0,1396,389,68,541,2174,2586,1412,63617,44,16136
mapas,5,muchos charcos,4,Capitalismo con Estado mínimo,0,2024,35,1290,5,290.7639,102.0281,0.2996,15.2306,56.5833,0.4321,7.2186,49.035,2.2479,69.0694,3.5694,24.8472,2.4632,1.062,0.9486,0.9894,0.6592,0.7204,0.4747,6.7028,1.0258,0.3509,0,788,229,26,332,1769,2061,930,22032,13,13214
mapas,5,muchos charcos,4,Capitalismo con Estado mínimo,1,9943,38,1344,4.3538,340.0833,103.9341,0.2834,13.175,47.0139,0.8455,6.6313,50.8295,1.5436,85.2778,6.9722,18.8333,3.677,0.9825,0.9763,1.0411,0.6679,0.7078,0.3292,16.0361,0.7887,0.3056,0,977,264,140,364,1925,2148,914,25007,22,25323
mapas,5,muchos charcos,4,Capitalismo con Estado mínimo,2,17862,40,1273,4.7443,259.875,88.8159,0.2293,15.1556,36.7222,0.298,6.7586,54.1415,1.6042,68.4444,5,10.3472,0.9955,1.058,1.043,0.899,0.7151,0.9532,0.567,8.7667,0.8794,0.3418,0,754,235,25,368,1442,1618,799,29146,17,16494
mapas,5,muchos charcos,4,Capitalismo con Estado mínimo,3,25781,35,1288,6.2875,264.1806,95.9346,0.3093,21.0278,44.9722,1.1172,6.4873,38.7955,2.1402,50.6667,2.3333,21.4167,7.0235,1.0372,1.018,0.9448,0.6054,0.4526,0.2785,9.5917,0.9404,0.3631,0,638,171,61,246,1537,1143,830,27026,19,13027
mapas,5,muchos charcos,4,Capitalismo con Estado mínimo,4,33700,36,1279,4.8355,309.7083,99.0767,0.2759,18.1028,33.125,0.6183,6.4066,46.9391,1.8896,66.9861,4.5,10,3.9987,1.0035,0.9281,1.0684,0.6882,0.6236,0.2896,12.0806,0.9353,0.3199,0,784,168,51,338,1361,1929,762,25759,13,15336
mapas,5,muchos charcos,4,Capitalismo con Estado mínimo,5,41619,37,1266,4.2074,419.5417,138.4672,0.293,29.3028,56.1528,1.2451,6.2305,48.5086,1.9024,97.9306,5.1528,43.5139,2.1833,0.9625,0.9974,1.04,0.6486,0.5099,0.2888,16.0583,0.8906,0.33,0,1193,379,176,332,2799,2394,1344,40688,21,18192
mapas,5,muchos charcos,5,Socialdemocracia,0,2024,35,1290,5,389.9028,149.9195,0.1553,29.6528,91.9861,0,6.9286,57.5062,1.6343,82.7083,4.5417,18.7639,4.8995,1.065,0.9508,0.9842,0.6332,1.0048,0.4472,15.7556,0.8609,0.3845,0,799,0,73,432,3445,3186,1858,33312,19,27713
mapas,5,muchos charcos,5,Socialdemocracia,1,9943,38,1344,4.3538,175.2222,69.1363,0.1584,12.8472,51.3056,0,7.1583,37.1231,2.4106,39.2083,1.1528,6.1528,4.0072,0.9693,1.0303,1.0004,0.4892,1.387,0.4288,7.9889,0.8602,0.3946,0,396,0,17,269,1763,1436,832,16466,14,13534
mapas,5,muchos charcos,5,Socialdemocracia,2,17862,40,1273,4.7443,398.8472,162.1044,0.1739,29.5611,94.5139,0.0035,6.5903,57.7351,1.8219,77.6111,5.7222,13.5,5.081,0.9601,1.1557,0.8842,0.6518,1.131,0.5404,10.2806,1.0023,0.4064,0,781,1,58,393,3098,3343,1682,36109,34,18173
mapas,5,muchos charcos,5,Socialdemocracia,3,25781,35,1288,6.2875,128.5278,47.557,0.1425,6.7611,28.7778,0,6.9543,34.3562,1.55,33.2917,1.5417,6,2.7365,1.0589,1.0507,0.8904,0.6441,1.3431,0.4594,4.6778,1.1284,0.37,0,326,0,42,261,1137,1368,471,13655,9,14665
mapas,5,muchos charcos,5,Socialdemocracia,4,33700,36,1279,4.8355,309.4722,125.5557,0.1732,20.3306,109.2361,0,6.6807,44.1599,2.2358,59.1806,1.875,11.5139,4.2982,1.1226,0.9,0.9774,0.5684,1.1763,0.4527,17.3972,1.0917,0.4057,0,599,0,32,311,2641,3035,1469,24443,20,19915
mapas,5,muchos charcos,5,Socialdemocracia,5,41619,37,1266,4.2074,394.0833,159.541,0.1737,35.3417,92.2083,0,6.6404,54.2981,2.0594,82.7917,3.2778,30.6806,3.4837,1.006,1.0954,0.8986,0.6207,0.8157,0.3512,18.8611,0.9508,0.4048,0,873,0,134,402,3652,3327,1883,49040,34,22243
mapas,5,muchos charcos,6,Socialismo (planificación parcial),0,2024,35,1290,5,25.7639,8.698,0.071,1.1083,9.125,0,7.4206,20.6331,0.8747,12.3194,0,2.6528,0.2601,1.0103,0.9875,1.0023,0.5951,0.5473,0.6982,0.4556,1.0585,0.3376,0,122,0,5,196,1050,802,0,10112,4,6011
mapas,5,muchos charcos,6,Socialismo (planificación parcial),1,9943,38,1344,4.3538,12.1944,4.6114,0.048,0,7.8333,0,7.9393,7.6505,2.1406,4.6944,0,1,0,1.0958,1.0258,0.8784,0.4118,2.0035,0.4065,0.2944,0.5016,0.3782,0,73,0,4,157,513,320,0,5263,3,5904
mapas,5,muchos charcos,6,Socialismo (planificación parcial),2,17862,40,1273,4.7443,27.5972,11.4159,0.0759,2.9167,10.5972,0,7.3932,16.3524,1.6624,11.0139,0,4,0.3304,0.9622,0.9368,1.101,0.4641,0.3244,0.6461,0.5944,0.7435,0.4137,0,117,0,10,182,739,465,0,10483,5,4420
mapas,5,muchos charcos,6,Socialismo (planificación parcial),3,25781,35,1288,6.2875,8.125,3.8335,0.1655,1.8028,0.8889,0,6.3645,6.4167,0,3.4167,0,1.3472,15.5974,0.7912,1.1005,1.1082,0.8809,0.0064,0.2969,0,0,0.4718,0,64,0,14,144,576,276,0,9716,4,4292
mapas,5,muchos charcos,6,Socialismo (planificación parcial),4,33700,36,1279,4.8355,1,0.3584,0,0,1.0833,0,14.25,1.0498,0,1,0,1,0,1.0535,0.9565,0.99,0.2711,0,0,0,0,0.3584,1,60,0,2,157,535,356,0,7893,3,5009
mapas,5,muchos charcos,6,Socialismo (planificación parcial),5,41619,37,1266,4.2074,32.8611,11.409,0.0582,0.8111,7.0139,0,7.5856,14.0538,1.589,10.7361,0,3.4028,2.3416,0.9781,1.1612,0.8607,0.4096,0.411,1.2285,0.9528,1.0711,0.3472,0,136,0,1,203,1060,586,0,15021,5,6186
mapas,5,muchos charcos,2,Comunismo,0,2024,35,1290,5,55.875,21.2696,0.0024,2.4778,34.7361,0,6.3873,27.6834,1.1312,17.2222,0,4,2.2618,0.9095,1.131,0.9595,0.3945,1.4578,0.049,3.1806,1.0617,0.3807,0,178,0,2,230,1583,1078,0,8207,8,8735
mapas,5,muchos charcos,2,Comunismo,1,9943,38,1344,4.3538,0.875,0.2126,0,0,0,0,5.0397,1.1123,0,0.875,0,1,0,0.8226,1.0026,0.7999,0.7032,0,0,0,0,0.2126,1,52,0,1,151,514,341,0,2186,5,5560
mapas,5,muchos charcos,2,Comunismo,2,17862,40,1273,4.7443,14.7222,5.0647,0,0.6194,7.1667,0,6.4697,6.9387,0.1852,6.8889,0,3,7.5705,0.9286,0.9943,1.0771,0.4409,2.008,1.2219,0.4444,0.5417,0.344,0,86,0,8,167,686,357,0,4765,2,4166
mapas,5,muchos charcos,2,Comunismo,3,25781,35,1288,6.2875,1.9167,0.4865,0,0,0,0,5.7915,2.7998,0,1.9167,0,1.3611,0,0.9756,1.1411,0.8834,0.7944,0,0,0,0,0.2538,1,60,0,13,146,436,295,0,3088,8,4560
mapas,5,muchos charcos,2,Comunismo,4,33700,36,1279,4.8355,25.8056,9.359,0.0009,0.6556,16.6806,0,6.5973,12.4514,1.1447,9.9167,0,2.125,0.4353,0.9677,1.0187,1.0136,0.3774,0.7178,0.3182,0.5056,0.7349,0.3627,0,117,0,2,190,966,586,0,6491,8,3847
mapas,5,muchos charcos,2,Comunismo,5,41619,37,1266,4.2074,26.8194,9.7553,0.0018,0.8417,18.0694,0,6.5309,17.9855,0.6065,10.1806,0,3,0.0534,1.038,1.0841,0.878,0.3453,0.5165,0.0526,1.3111,1.0026,0.3637,0,113,0,0,193,1232,767,0,6194,4,4434
