exp,nivel,nombre,r,semilla,pob,prod,gini,ataq,cultivos,hambrientos,ahorro,esperanza,natalidad,casas,ciudades,mayorCiudad,sinCasa,fuerza,inte,resis,hab,def,herr,intercambios,precioAgua,prodPc,extinto,nacimientos,hambre,sed,vejez,siembras,cosechas,robos,ataques,migraciones
sistemas,3,Anarquía primitiva,0,2024,320.0417,107.045,0.4166,37.7417,18.4792,2.1816,5.424,50.26,2.086,74,1,70,1.0426,0.945,0.9524,1.1025,0.7188,0.6026,0.2219,3.875,1.0116,0.3345,0,1414,565,148,473,4796,1486,0,64892,14
sistemas,3,Anarquía primitiva,1,9943,359.2813,123.5385,0.3713,42.5271,8.6875,1.3182,5.9984,54.3898,1.9506,76,4,23.3542,1.2935,0.9546,1.0096,1.0358,0.7307,0.6431,0.3409,5.8917,1.0878,0.3438,0,1447,480,100,586,4058,1162,0,76859,31
sistemas,3,Anarquía primitiva,2,17862,359.3021,118.8597,0.4287,43.5938,14.9792,2.0559,5.267,53.5684,1.7893,71,5,26.2708,1.8842,0.8887,1.0252,1.0862,0.7382,0.5853,0.188,4.175,0.9405,0.3308,0,1383,473,61,572,4556,1363,0,78404,36
sistemas,3,Anarquía primitiva,3,25781,330.2396,116.8712,0.4062,39.6542,16.7917,1.8382,5.637,51.0772,1.7803,65,4.6042,20,2.6214,1.0217,0.9732,1.0051,0.7534,0.927,0.2313,4.3437,1.1402,0.3539,0,1316,455,87,567,4506,1265,0,70965,26
sistemas,3,Anarquía primitiva,4,33700,310.6146,109.4857,0.3787,42.7958,9.5208,1.4461,5.7149,54.8286,1.6886,71,3.875,34.5,1.2808,1.0251,0.9238,1.0511,0.7604,0.7354,0.1429,2.6771,1.1071,0.3525,0,1337,461,95,561,3733,1344,0,72176,23
sistemas,3,Anarquía primitiva,5,41619,438.125,150.0245,0.4093,49.8333,18.7083,1.7876,5.3251,52.0175,1.8712,85,5.4479,30.9271,1.8579,1.0182,0.9902,0.9916,0.7398,0.6536,0.2018,3.6417,1.0518,0.3424,0,1672,607,105,628,5634,1572,0,92829,35
sistemas,3,Anarquía primitiva,6,49538,365.6875,129.6716,0.417,55.2167,8.5938,1.5992,5.1917,52.4586,1.5775,70,7.0208,16.4167,1.8161,0.912,1.0635,1.0245,0.7598,0.4771,0.2114,2.0312,0.9941,0.3546,0,1385,479,64,590,5049,1367,0,85571,39
sistemas,3,Anarquía primitiva,7,57457,459.5833,155.989,0.4005,59.3063,14.0833,2.2743,5.2376,48.8728,1.6972,95,7.6667,31.9271,1.4506,0.9742,0.9729,1.0529,0.7557,0.6668,0.2334,5.9583,1.0143,0.3394,0,1719,566,130,707,4883,1235,0,112032,27
sistemas,3,Anarquía primitiva,8,65376,396.1354,136.3051,0.4296,50.7083,13.1771,1.9668,5.1625,51.0678,1.8841,83,6.0104,22.8542,1.0817,1.0194,0.9781,1.0025,0.7322,0.4101,0.2691,3.7667,1.1055,0.3441,0,1612,633,72,608,5000,1537,0,85852,29
sistemas,3,Anarquía primitiva,9,73295,306.625,104.8638,0.3875,39.5563,12.3958,1.3624,5.4761,50.3933,1.9907,59,3.8229,22.8438,1.9839,0.9907,0.9073,1.102,0.7377,0.6946,0.1843,4.5854,0.9481,0.342,0,1163,264,96,583,3314,1005,0,80844,7
sistemas,1,Anarcocapitalismo,0,2024,289.75,99.2464,0.3746,34.2375,16.4167,1.7039,5.8974,50.2157,1.7504,67,2.2917,40.6146,1.5962,0.9272,0.9865,1.0863,0.7327,0.5823,0.2868,5.5,1.0861,0.3425,0,1125,395,84,458,4909,1330,882,57106,19
sistemas,1,Anarcocapitalismo,1,9943,313.0729,105.5841,0.3295,30.7,15.4792,1.313,6.1778,47.4863,1.8755,65,3.1667,41.0833,1.7049,0.9793,0.9812,1.0395,0.7134,0.554,0.5332,5.9271,0.9691,0.3373,0,1164,304,138,506,4134,1274,876,51895,24
sistemas,1,Anarcocapitalismo,2,17862,328.9271,107.9957,0.3569,32.4896,18.4896,1.6545,6.0134,47.005,1.8645,64,5,15.0521,2.1693,0.9337,0.9991,1.0672,0.7126,0.5683,0.1877,6.4417,1.0694,0.3283,0,1212,418,61,507,4208,1439,953,58933,14
sistemas,1,Anarcocapitalismo,3,25781,287.8646,100.8956,0.3573,30.8708,21.2708,1.4749,6.1438,50.3306,1.9648,63,5.4792,24.5417,0.8933,1.0174,0.9567,1.0259,0.7264,0.6735,0.2882,3.8479,1.0952,0.3505,0,1133,321,130,483,4889,1568,1098,62297,12
sistemas,1,Anarcocapitalismo,4,33700,281.0313,103.9757,0.3329,35.0479,22.5938,0.9909,6.0844,48.1353,2.0564,64,4.2188,20.5208,1.2329,1.0472,0.9269,1.0258,0.7083,0.64,0.3798,2.8708,0.9144,0.37,0,1025,284,58,482,4616,1585,1059,62899,18
sistemas,1,Anarcocapitalismo,5,41619,372.4896,132.2083,0.3687,43.6146,24.3125,1.698,5.9494,49.0727,2.013,84,6.9792,31.0833,1.2512,1.042,0.9623,0.9957,0.7224,0.3218,0.1838,6.5646,1.0208,0.3549,0,1471,486,121,582,6283,1878,1281,80442,14
sistemas,1,Anarcocapitalismo,6,49538,352.6354,125.4769,0.3917,46.6542,21.5521,2.1498,5.5452,47.2855,1.7944,77,3.8854,33.8958,1.0958,1.0007,0.9761,1.0232,0.7248,0.4545,0.3387,2.9958,1.1908,0.3558,0,1401,536,121,509,5646,1863,1257,76056,24
sistemas,1,Anarcocapitalismo,7,57457,414.9896,144.9908,0.3783,51.7083,25.2604,1.7832,5.9864,51.2799,1.9754,83,3.375,45.9792,2.8579,0.992,0.9396,1.0684,0.7165,0.2611,0.2832,8.1292,1.0714,0.3494,0,1425,391,96,618,5625,1693,1144,81422,30
sistemas,1,Anarcocapitalismo,8,65376,328.8854,115.1318,0.367,33.9937,26.8958,1.9345,6.1872,44.9781,2.4021,69,3.8333,34.0729,1.9622,1.0218,0.9673,1.0109,0.6584,0.5524,0.2637,5.2354,0.8975,0.3501,0,1312,487,70,505,5409,1759,1093,58402,24
sistemas,1,Anarcocapitalismo,9,73295,266.0208,88.295,0.335,29.8146,13.8438,1.4095,5.6977,49.5588,1.7733,60,5.7083,17.25,1.2474,0.9725,0.9143,1.1131,0.7322,0.5683,0.3719,5.875,0.8733,0.3319,0,968,212,78,519,3852,1246,825,62657,18
sistemas,4,Capitalismo con Estado mínimo,0,2024,238.6146,76.0542,0.2828,12.7188,23.25,0.9223,6.4618,38.1883,1.9013,54,2.5729,25.0833,3.3382,0.983,0.9527,1.0644,0.6564,0.7074,0.4526,5.9896,0.8598,0.3187,0,848,230,97,389,4618,1545,880,25951,12
sistemas,4,Capitalismo con Estado mínimo,1,9943,219.4583,70.4248,0.2876,9.4313,21.3229,0.6079,6.857,40.1921,2.0011,45,3.125,20.5833,2.4483,0.9872,1.0219,0.9909,0.6691,0.6876,0.4858,9.3458,0.7986,0.3209,0,733,137,152,327,3588,1158,556,18319,8
sistemas,4,Capitalismo con Estado mínimo,2,17862,229.7604,79.6801,0.2995,11.4812,37.6563,0.6912,6.8178,39.1417,2.3869,52,3.1979,9,4.3792,1.0344,1.0059,0.9597,0.6236,0.8185,0.3728,9.2938,0.8964,0.3468,0,829,253,60,352,3889,1440,762,26376,25
sistemas,4,Capitalismo con Estado mínimo,3,25781,261.2604,81.333,0.3972,14.0125,28.1667,1.6412,7.5423,36.8345,2.4784,56,3,18.9479,3.6587,0.9718,0.9199,1.1083,0.6287,0.4595,0.196,7.3917,1.0026,0.3113,0,990,331,133,367,5770,1907,849,23760,18
sistemas,4,Capitalismo con Estado mínimo,4,33700,228.2292,78.7111,0.2867,14.8708,38.9688,0.8204,6.4932,40.9375,2.2899,52,4.7396,15.3958,1.7629,1.0232,0.95,1.0268,0.6181,0.5892,0.4284,7.2208,0.8297,0.3449,0,918,317,66,380,5870,1983,1125,29182,9
sistemas,4,Capitalismo con Estado mínimo,5,41619,326.7813,106.4113,0.3165,21.1271,33.7292,1.1483,6.5048,40.9827,2.0038,66,4.7813,16.9375,3.9937,1.0686,0.8892,1.0422,0.6849,0.3968,0.3294,12.8083,0.8698,0.3256,0,1223,374,168,452,7644,2259,1273,43761,20
sistemas,4,Capitalismo con Estado mínimo,6,49538,123.3542,43.1645,0.2801,9.1937,15.6146,0.5662,7.3285,37.2838,2.2612,44,2.6979,7.2396,1.3534,1.0659,0.9039,1.0303,0.6898,0.6423,0.3949,5.8625,0.9587,0.3499,0,720,214,92,373,4240,1419,774,27686,23
sistemas,4,Capitalismo con Estado mínimo,7,57457,231.1667,78.2512,0.2794,14.6979,20.3125,0.2568,7.1061,45.6782,2.1837,52,3.2396,17.3333,2.5365,0.9611,1.0428,0.9961,0.6866,0.3646,0.3483,5.8771,1.0027,0.3385,0,856,124,112,460,3641,1064,597,32916,25
sistemas,4,Capitalismo con Estado mínimo,8,65376,290.75,92.7294,0.3432,17.2958,35.0417,1.5192,6.8939,37.2696,2.3482,67,5.3229,12.2292,2.9964,0.9825,0.9221,1.0953,0.6392,0.4542,0.2445,10.3229,1.021,0.3189,0,1027,302,109,408,4959,1705,822,25955,30
sistemas,4,Capitalismo con Estado mínimo,9,73295,130.2188,46.5501,0.2663,11.1063,19.3229,0.6825,6.527,29.7125,2.1696,36,1,12.8333,2.6787,0.9419,0.9757,1.0824,0.6342,1.0116,0.1226,6.1333,1.0431,0.3575,0,470,119,19,285,2382,863,510,22700,9
sistemas,5,Socialdemocracia,0,2024,199.0417,75.9228,0.1717,10.8604,60.7708,0,6.6965,41.7765,2.2282,37,1,21.5625,3.326,0.9687,0.9897,1.0417,0.5219,1.1759,0.3884,9.4521,0.882,0.3814,0,591,0,58,399,7335,2243,1257,25403,8
sistemas,5,Socialdemocracia,1,9943,168.3229,57.8196,0.148,8.875,33.4375,0,6.785,37.0831,1.4415,44,2.25,12.4063,1.5409,1.0124,0.9891,0.9986,0.6252,0.7077,0.443,7.4792,0.9672,0.3435,0,515,0,78,373,6109,1805,996,21927,6
sistemas,5,Socialdemocracia,2,17862,184.6875,78.1541,0.1698,14.0667,64.1563,0,7.1432,39.543,2.3602,49,2.1042,8.4167,4.4273,0.9259,1.1586,0.9155,0.5078,0.9757,0.6422,11.1437,0.8433,0.4232,0,567,0,33,390,6021,2249,1197,33248,20
sistemas,5,Socialdemocracia,3,25781,258.5417,94.9376,0.1689,15.0687,57.8333,0,6.5218,43.2014,1.9163,50,3.4896,13.6146,3.0548,0.9892,1.0249,0.9859,0.5806,0.9635,0.3578,10.4354,0.8726,0.3672,0,716,0,91,445,9951,2616,1498,35029,13
sistemas,5,Socialdemocracia,4,33700,343.0833,122.0152,0.1917,15.9521,71.0313,0,6.2744,56.9338,1.7154,63,3,48.0938,2.0583,1.0616,0.9768,0.9616,0.638,0.6643,0.8408,11.6333,1.0363,0.3556,0,912,0,128,534,12612,3717,2148,28127,18
sistemas,5,Socialdemocracia,5,41619,320.0313,115.3287,0.1693,17.075,73.5208,0,6.5964,53.4526,1.7921,76,5.5,14.5729,1.8269,1.0136,0.9866,0.9998,0.5992,0.9364,0.369,6.5542,0.9832,0.3604,0,954,0,65,643,14596,3779,2156,41309,16
sistemas,5,Socialdemocracia,6,49538,101.2083,37.9484,0.1478,5.6521,26.6146,0,7.0334,28.9197,1.9103,35,1,12.3958,1.9347,1.1359,0.9372,0.9269,0.5996,1.0909,0.1974,2.0729,0.6398,0.375,0,399,0,62,320,4828,1536,754,18722,12
sistemas,5,Socialdemocracia,7,57457,107.4479,38.2164,0.1457,6.7708,21.2813,0,6.7084,35.4348,1.0912,29,1,17.8125,2.4606,0.8647,1.1165,1.0188,0.6864,2.2862,0.3888,7.3042,0.8366,0.3557,0,378,0,43,332,5190,1310,674,24034,12
sistemas,5,Socialdemocracia,8,65376,511.1354,190.0356,0.2137,27.5521,106.2292,0,6.1336,48.6162,2.1806,88,4.5,24.2917,6.5802,1.0523,1.027,0.9207,0.5717,0.6832,0.3372,7.6083,1.2685,0.3718,0,1313,0,330,560,15652,5106,2429,44303,64
sistemas,5,Socialdemocracia,9,73295,218.2813,87.6396,0.1842,19.2937,53.375,0,6.4061,39.9515,1.9291,44,1.7292,9.5938,4.1976,1.0302,0.9388,1.031,0.6061,1.2578,0.5558,8.7667,1.0367,0.4015,0,561,0,31,356,7168,2185,1244,28741,24
sistemas,6,Socialismo (planificación parcial),0,2024,21.0104,6.0388,0.0577,0.2104,4.6458,0,7.5937,9.7917,0.5492,14,0,3,0,0.9592,0.9415,1.0994,0.5714,1.2778,0.9305,1.5042,1.3087,0.2874,0,140,0,13,210,2614,885,0,10714,4
sistemas,6,Socialismo (planificación parcial),1,9943,19.3958,9.2163,0.0675,2.7417,9.1146,0,7.5737,8.8655,1.0934,15,0,2.2396,0.424,1.1053,1.0092,0.8855,0.5066,0.9684,1.0632,0.7521,0.9599,0.4752,0,114,0,22,175,2498,987,0,11254,4
sistemas,6,Socialismo (planificación parcial),2,17862,36.7396,15.0931,0.0737,0.2521,19.5313,0,7.4414,15.9188,1.4867,16,1,7,1.5943,0.9914,1.2582,0.7504,0.399,0.738,0.868,1.7063,1.2357,0.4108,0,158,0,10,215,3249,1184,0,13990,5
sistemas,6,Socialismo (planificación parcial),3,25781,64.5313,22.378,0.0611,0.2667,34.3229,0,7.5378,26.7413,1.5795,20,0,4,0.862,1.0064,0.9548,1.0388,0.3223,0.4748,0.8152,3.075,0.6743,0.3468,0,269,0,27,278,6667,2315,0,13080,5
sistemas,6,Socialismo (planificación parcial),4,33700,19.6875,9.0602,0.0737,2.6833,7.5,0,7.5458,10.4727,0.8715,14,0.5729,4.1458,2.1898,0.9725,1.0642,0.9633,0.5875,0.6831,1.102,0.5479,0.6847,0.4602,0,152,0,19,218,2922,1262,0,15528,3
sistemas,6,Socialismo (planificación parcial),5,41619,25.1875,11.7256,0.078,2.9542,12.1563,0,7.4095,9.6267,1.5509,22,0,2.4063,2.786,1.0882,1.0229,0.8889,0.5091,0.4738,0.3176,1.2875,1.5693,0.4655,0,169,0,9,233,4149,1731,0,17334,11
sistemas,6,Socialismo (planificación parcial),6,49538,38.4375,14.0768,0.0648,2.1688,13.2708,0,7.5296,16.2248,1.3557,18,1,7,0.1852,0.9716,0.9781,1.0503,0.4011,1.1506,1.1829,0.8292,0.5005,0.3662,0,171,0,22,210,3065,1389,0,13163,8
sistemas,6,Socialismo (planificación parcial),7,57457,45.2813,18.3601,0.0758,3.1271,18.4583,0,7.4382,20.8433,1.3837,18,0,2,4.2405,0.9219,1.1352,0.9429,0.4458,0.615,0.6113,1.1458,1.1273,0.4055,0,194,0,9,243,3663,1515,0,18553,5
sistemas,6,Socialismo (planificación parcial),8,65376,17.7396,5.9442,0.0313,0.1479,10.0104,0,8.1313,16.4076,0.6295,19,0,3,0.8781,0.9914,0.9978,1.0108,0.3802,1.4206,1.0735,0.6812,0.9223,0.3351,0,157,0,11,239,2687,1126,0,10660,8
sistemas,6,Socialismo (planificación parcial),9,73295,2.1146,0.5925,0.0047,0,0.2188,0,16.6849,2.27,0,14,0,1,0,0.8578,1.1786,0.9636,0.791,0.2057,0.6172,0,0,0.2802,1,77,0,10,166,1547,653,0,6926,3
sistemas,2,Comunismo,0,2024,40.5104,13.9967,0.0006,0.7438,19.7188,0,6.2871,17.2527,0.8885,19,0,3.7083,0.3043,0.9897,1.0192,0.9912,0.389,1.7388,0.3349,0.7125,0.8962,0.3455,0,169,0,12,224,3709,1431,0,4347,4
sistemas,2,Comunismo,1,9943,8.0104,3.3462,0.0023,0.1854,6.9792,0,6.1712,3.8689,1.1458,12,0,2,0.3472,1.0302,0.918,1.0518,0.5284,1.5829,0,0,0,0.4177,0,114,0,20,187,2649,996,0,5117,2
sistemas,2,Comunismo,2,17862,39.5417,15.686,0.0014,0.9375,21.0313,0,6.2239,13.5087,2.1714,22,0,3.4583,2.6191,1.061,1.0967,0.8423,0.3456,0.38,0.1131,2.5062,0.7607,0.3967,0,160,0,8,206,3196,1191,0,6803,8
sistemas,2,Comunismo,3,25781,9.7708,3.4687,0,0.3833,4.6667,0,6.5473,3.4722,1.4874,14,0,1,0,1.1643,0.9228,0.9129,0.464,0.8755,0.6949,0.0104,0.043,0.355,0,87,0,10,168,2559,879,0,5702,7
sistemas,2,Comunismo,4,33700,37.9583,14.3291,0.0025,3.0167,10.5208,0,6.0997,17.217,0.9231,18,0.7396,5.2188,0.6129,0.9983,1.0726,0.929,0.5571,0.6514,0.0052,1.7812,1.0372,0.3775,0,167,0,10,225,2980,1322,0,9294,3
sistemas,2,Comunismo,5,41619,12.125,3.9056,0.0022,0.7854,1.1458,0,6.1582,9.3741,0,17,0,3,0.1191,1.0318,1.0763,0.8919,0.7217,1.2848,0.1491,0.4875,0.5912,0.3221,0,104,0,1,197,2054,886,0,7539,6
sistemas,2,Comunismo,6,49538,1.125,0.688,0,0.1687,0.6875,0,31.581,2.0938,0,14,0,1.4375,0,0.9046,1.0838,0.8242,0.9026,0,0,0,0,0.6115,1,97,0,15,182,2024,839,0,5785,5
sistemas,2,Comunismo,7,57457,0,0,0,0,0,0,0,0,0,15,0,0.2292,0,0,0,0,0,0,0,0,0,0,1,74,0,12,162,1218,461,0,7052,4
sistemas,2,Comunismo,8,65376,26.9792,8.4443,0.0011,0.725,11.1042,0,6.333,13.8498,1.1088,17,0,2,4.4955,0.9558,1.0312,1.013,0.325,0.7665,1.0822,2.3375,0.8474,0.313,0,149,0,13,214,2841,1278,0,3173,5
sistemas,2,Comunismo,9,73295,2.4479,0.7488,0.0017,0,1.75,0,10.2783,2.0712,0,13,0,1,0,1.0494,0.9288,1.0218,0.7381,4.9115,0,0,0,0.3059,1,86,0,21,164,1632,651,0,3077,2
impuesto,0,impuesto 0,0,2024,318.1667,101.769,0.3367,30.7861,14.5417,1.4618,5.7864,51.7124,1.9094,53,6.0139,13.1944,2.817,0.9604,0.9264,1.1132,0.7041,0.5832,0.2661,5.9889,0.9855,0.3199,0,849,208,92,331,3522,1060,0,35882,22
impuesto,0,impuesto 0,1,9943,336,110.8112,0.3785,30.7611,23.2361,1.94,6.3079,48.6456,1.8957,67,4,41.2361,2.1288,0.9585,0.9805,1.0611,0.7,0.4556,0.3715,7.125,0.9624,0.3298,0,1024,313,125,361,4875,1299,0,42166,18
impuesto,0,impuesto 0,2,17862,292.4167,100.7996,0.322,27.6361,19.8889,1.2627,6.0286,49.4653,1.9181,55,5.0139,18.5139,2.4639,0.9008,1.0694,1.0298,0.6976,0.8364,0.354,3.8861,0.8006,0.3447,0,860,243,34,381,3392,1141,0,44489,29
impuesto,0,impuesto 0,3,25781,331.2083,113.7678,0.3382,34.6222,18.2222,1.7555,5.7371,49.5576,1.7293,56,4,16.6806,3.0942,0.984,0.9899,1.0261,0.7387,0.7328,0.1982,9.0361,0.9987,0.3435,0,981,332,80,340,4634,1407,0,47009,30
impuesto,0,impuesto 0,4,33700,275.9167,89.031,0.3721,20.6139,22.5139,1.6296,6.2485,40.289,2.0008,58,2,23.0694,3.1114,1.0203,0.9528,1.0268,0.6829,0.5504,0.2404,5.475,0.9328,0.3227,0,844,300,58,312,3653,1237,0,27593,21
impuesto,0,impuesto 0,5,41619,295.3889,101.1224,0.3143,28.8194,12.7778,1.0739,6.3981,51.8353,1.8286,78,5.2083,31.7917,1.2967,1.0604,0.9602,0.9794,0.7414,0.5914,0.3362,7.4917,0.9551,0.3423,0,921,242,75,401,3456,1085,0,44343,26
impuesto,0,impuesto 0,6,49538,317.4861,112.7598,0.3488,34.1444,20.1667,1.5921,5.9198,52.5342,1.8308,63,5.8194,15,1.6125,0.9947,1.0099,0.9954,0.7535,0.7539,0.3634,7.4028,0.8963,0.3552,0,965,290,54,420,4357,1191,0,49878,25
impuesto,0,impuesto 0,7,57457,398.2361,133.6316,0.3272,39.3389,17.6528,1.5036,5.8533,50.693,1.6499,69,4.3889,23.5,2.0433,0.9718,0.9952,1.033,0.7494,0.8195,0.3716,11.3833,1.0258,0.3356,0,1043,245,103,413,3598,1149,0,51307,24
impuesto,0.2,impuesto 0.2,0,2024,154.0694,50.7675,0.1151,9.0806,24.8611,0,6.286,39.7102,1.1874,35,2.25,7.6389,2.0038,0.9727,1.021,1.0063,0.5905,0.7284,0.3733,5.3833,0.7743,0.3295,0,374,0,66,265,3844,1572,0,15207,12
impuesto,0.2,impuesto 0.2,1,9943,267.7222,99.5177,0.1344,20.3639,52.9444,0,6.1562,43.8918,1.9732,41,2.375,10.5,5.4692,1.0022,0.9889,1.009,0.5601,0.8538,0.5196,6.0611,0.8315,0.3717,0,590,0,108,289,6897,2461,0,21014,20
impuesto,0.2,impuesto 0.2,2,17862,206.5694,73.9606,0.1341,13.0306,37.5417,0,6.0086,45.5446,1.7087,39,2.3333,10.25,3.9702,0.9138,1.1471,0.939,0.5566,0.639,0.6137,4.9556,0.7137,0.358,0,477,0,62,308,5493,2176,0,22681,11
impuesto,0.2,impuesto 0.2,3,25781,154.5,56.7287,0.1356,10.65,35.7222,0,6.1817,41.9405,1.3851,32,2,7,2.2386,1.0151,1.0046,0.9803,0.6248,0.7575,0.3677,4.4583,0.9878,0.3672,0,472,0,138,293,6368,2246,0,24927,7
impuesto,0.2,impuesto 0.2,4,33700,167.0694,57.6774,0.1291,7.0222,38.8611,0,6.4628,44.9901,1.2776,40,2.3333,9.75,1.2064,1.0356,1.0447,0.9197,0.5967,1.0509,0.5758,10.7778,0.7826,0.3452,0,444,0,59,319,5290,2179,0,15610,5
impuesto,0.2,impuesto 0.2,5,41619,288.7083,104.5463,0.1297,20.2444,49,0,6.0615,56.8712,1.5307,61,3.6944,22.8056,2.2888,1.0667,1.0241,0.9092,0.6609,0.9677,0.3196,11.5556,0.7176,0.3621,0,645,0,80,389,7362,2866,0,35461,12
impuesto,0.2,impuesto 0.2,6,49538,215.3333,74.0904,0.1292,9.4917,45.375,0,6.2904,45.8492,1.8582,38,1,16.5139,4.3489,0.9489,1.075,0.9761,0.5274,0.9681,0.3092,7.0528,0.9311,0.3441,0,479,0,47,298,4965,2113,0,13018,14
impuesto,0.2,impuesto 0.2,7,57457,263.2778,89.6988,0.1296,10.9667,57.5556,0,6.1769,48.5209,1.621,56,3.3056,16.8611,4.5233,0.9978,1.0035,0.9988,0.5569,0.618,0.4074,9.95,0.579,0.3407,0,552,0,80,315,7340,2530,0,18111,23
impuesto,0.4,impuesto 0.4,0,2024,105.7917,36.7343,0.0777,5.2667,28.0278,0,6.213,32.8092,1.5422,29,2,6.2083,1.5054,1.026,1.0138,0.9602,0.5156,1.0021,0.3031,3.7444,0.8435,0.3472,0,270,0,29,238,3405,1611,0,11614,6
impuesto,0.4,impuesto 0.4,1,9943,82.5417,24.5515,0.069,0.5472,30.4444,0,6.1964,30.5596,1.42,19,0,3,2.3101,0.9246,0.9781,1.0973,0.3974,0.3615,0.3983,3.6694,0.6265,0.2974,0,260,0,52,232,3928,1623,0,8409,5
impuesto,0.4,impuesto 0.4,2,17862,151.3472,50.7629,0.0729,7.6694,38.6944,0,6.1039,36.6834,1.4495,34,3,10.0972,1.7401,0.8721,1.1115,1.0164,0.5005,0.4208,0.3331,4.5278,0.5749,0.3354,0,371,0,24,295,5017,2068,0,18317,7
impuesto,0.4,impuesto 0.4,3,25781,132.7778,48.667,0.0786,8.7833,37.5972,0,6.1422,42.909,1.9988,32,0.7639,7.6806,2.6265,0.9838,1.0437,0.9725,0.5355,0.7987,0.2835,8.2972,0.6851,0.3665,0,323,0,26,253,5509,1931,0,14155,9
impuesto,0.4,impuesto 0.4,4,33700,191.2083,65.8451,0.072,9.525,46.875,0,6.042,48.1486,1.4386,41,2.0417,17.6667,2.7739,1.1029,0.9159,0.9813,0.5815,0.6981,0.318,6.6056,0.6257,0.3444,0,469,0,81,316,6238,2526,0,20596,18
impuesto,0.4,impuesto 0.4,5,41619,179.5,61.0854,0.0776,4.6194,59.4722,0,6.2139,34.0932,1.7262,41,3,16.8611,3.0765,1.0819,1.0038,0.9144,0.435,0.9469,0.2787,8.6083,0.7613,0.3403,0,392,0,17,277,5951,2546,0,13191,11
impuesto,0.4,impuesto 0.4,6,49538,217.0694,85.9703,0.0871,17.3417,67.0833,0,6.1606,44.1875,1.9513,47,3.5833,11.5,2.6911,1.0264,1.0791,0.8944,0.4492,0.684,0.1105,5.2444,0.8035,0.396,0,473,0,51,280,7141,2877,0,18772,11
impuesto,0.4,impuesto 0.4,7,57457,37.7778,12.4106,0.0741,1.5806,13.6111,0,6.2882,19.3283,1.5147,13,0,3,0.7753,0.9151,0.9742,1.1107,0.4272,1.3862,0.2433,2.7056,1.0082,0.3285,0,135,0,19,179,2037,760,0,7741,6
impuesto,0.6,impuesto 0.6,0,2024,77.7639,26.1306,0.0412,1.3306,27.5556,0,6.1818,31.0903,1.4452,21,1,8,1.0203,1.0072,1.0939,0.8988,0.4334,1.1771,0.1012,3.9861,0.5184,0.336,0,199,0,9,215,3096,1372,0,9467,4
impuesto,0.6,impuesto 0.6,1,9943,65.4861,20.4863,0.0386,2.0222,13.7083,0,6.0446,30.0239,1.0866,24,1.9028,6,3.2598,0.9746,0.9759,1.0496,0.5649,1.4526,0.2554,2.9361,0.5443,0.3128,0,211,0,29,227,3590,1297,0,6990,10
impuesto,0.6,impuesto 0.6,2,17862,55.7222,17.9733,0.0407,2.2389,12.75,0,6.2437,28.8096,0.3968,22,1,8.7361,0,0.9419,1.2156,0.8425,0.6966,1.0065,0.3281,2.6139,0.7472,0.3226,0,168,0,14,216,2641,1119,0,10770,3
impuesto,0.6,impuesto 0.6,3,25781,115.7222,45.4488,0.0493,7.9111,43.3889,0,6.0627,33.2062,1.8995,21,2.3194,5,2.2816,1.0042,1.0557,0.9402,0.4049,0.875,0.2242,4.9417,0.7614,0.3927,0,289,0,16,250,6285,2073,0,12249,4
impuesto,0.6,impuesto 0.6,4,33700,18.5833,5.839,0.0336,1.5278,4.1389,0,6.3171,11.6065,0.9096,9,0,2,0.4638,0.9286,0.9243,1.1472,0.6096,0.3111,0.4647,0.6889,0.472,0.3142,0,104,0,12,178,1650,639,0,7968,3
impuesto,0.6,impuesto 0.6,5,41619,131.5694,45.1146,0.0418,5.925,37.2639,0,6.0972,40.6645,1.311,24,0.3611,5.0833,4.1736,1.0631,1.0199,0.917,0.5105,1.0683,0.1008,8.3972,0.7463,0.3429,0,297,0,10,261,5075,1970,0,13453,9
impuesto,0.6,impuesto 0.6,6,49538,32.2917,10.8571,0.0364,2.2861,8.5,0,6.1561,11.2598,1.1126,17,0.7778,4.5556,0.5808,1.0201,1.0186,0.9613,0.5709,0.612,0.0787,1.3694,0.4418,0.3362,0,137,0,19,187,1976,867,0,10790,3
impuesto,0.6,impuesto 0.6,7,57457,28.7917,10.6181,0.0493,2.0306,12.75,0,6.1691,11.4132,1.0167,17,0,4,1.5285,1.0164,0.9633,1.0203,0.4627,0.7259,0.0281,1.5472,0.9785,0.3688,0,143,0,18,196,2655,944,0,11034,5
impuesto,0.8,impuesto 0.8,0,2024,31.4306,8.9006,0.0135,0.7472,5.1528,0,6.1817,21.8756,0.316,22,1,5,0.1615,0.9091,1.0757,1.0152,0.6546,0.8575,0.3638,1.1972,0.6394,0.2832,0,130,0,21,188,2147,883,0,8168,5
impuesto,0.8,impuesto 0.8,1,9943,19.2639,6.1796,0.0185,0.9556,5.7917,0,6.3146,14.3935,0.8216,18,0,2.9722,0.7758,1.0789,0.9791,0.942,0.5442,1.1589,0.2015,0.35,0.6519,0.3208,0,125,0,22,188,1964,923,0,6101,3
impuesto,0.8,impuesto 0.8,2,17862,40.1667,14.5106,0.0185,2.2194,15.6806,0,6.5067,9.0359,1.3919,15,0,2.1944,2.8189,0.9438,1.2235,0.8327,0.4465,1.0902,0.0487,2.0889,0.5629,0.3613,0,113,0,5,166,1677,743,0,8502,2
impuesto,0.8,impuesto 0.8,3,25781,23.6944,7.509,0.0157,1.0472,7.625,0,6.0931,17.6834,0.3802,12,0,2,0.3228,0.9651,1.0456,0.9893,0.6257,0.507,0.1339,1.0083,0.9943,0.3169,0,103,0,10,179,2393,844,0,8304,2
impuesto,0.8,impuesto 0.8,4,33700,10.2917,2.5998,0.008,0.1611,1.4444,0,6.2568,8.2593,0.4762,13,0,1.7361,0,0.9349,1.0039,1.0612,0.7115,0.8304,0.1413,1.5944,0.6298,0.2526,0,81,0,9,166,1526,606,0,4372,3
impuesto,0.8,impuesto 0.8,5,41619,9.3194,2.6698,0.0116,0.1833,1.0972,0,6.3589,11.7506,0.2778,16,0,2.8611,0,1.1357,1.0309,0.8334,0.6033,1.0925,0.0725,0.1528,0.4018,0.2865,0,84,0,3,177,1585,722,0,6980,5
impuesto,0.8,impuesto 0.8,6,49538,39.4444,12.2661,0.0158,0.6111,12.875,0,6.1101,16.6262,1.5107,19,0.9444,4.9583,2.1842,0.9361,1.0316,1.0323,0.4397,0.8716,0.2507,1.8639,0.3533,0.311,0,142,0,15,186,2768,973,0,6410,9
impuesto,0.8,impuesto 0.8,7,57457,10.2083,4.4821,0.0207,1.675,4.2222,0,6.7822,3.6238,1.5152,9,0,1,2.1605,0.8103,1.0878,1.1019,0.5385,0.9245,0.3824,0.1361,0.1332,0.4391,0,64,0,15,138,1067,422,0,10151,3
impuesto,1,impuesto 1,0,2024,18.7222,5.2465,0.0032,0.3111,3.8333,0,6.6598,18.375,0.6818,12,0,3,0.1672,0.9799,1.0945,0.9257,0.4861,1.157,0.0804,0.55,0.5416,0.2802,0,104,0,12,180,2353,812,0,4101,4
impuesto,1,impuesto 1,1,9943,25.4167,8.8327,0.0018,0.3056,16.2778,0,6.4958,14.5843,0.8607,14,0,2,0.1094,0.9789,1.0638,0.9572,0.4447,0.3257,0.7876,0.3889,0.4145,0.3475,0,114,0,15,176,2844,1060,0,4530,4
impuesto,1,impuesto 1,2,17862,18.0556,6.469,0.0022,0.6972,12.5556,0,6.4112,13.2963,0.4921,14,0,2,0.2315,0.8887,0.996,1.1153,0.4097,1.2367,0.7982,0.0889,0.2299,0.3583,0,104,0,5,187,2007,794,0,8130,13
impuesto,1,impuesto 1,3,25781,16.375,5.1078,0.0013,0,7.7222,0,6.4652,12.1181,0.3627,8,0,1,0.2778,0.9746,0.9731,1.0522,0.409,1.695,0.6137,0.0972,0.241,0.3119,0,87,0,13,163,2193,716,0,5430,1
impuesto,1,impuesto 1,4,33700,8.5556,1.7837,0.0019,0,0,0,6.4463,11.7766,0,10,0,1,0,0.9604,0.9573,1.0823,0.8121,1.3755,0.0077,0.0694,0.095,0.2085,0,92,0,16,172,1398,632,0,3976,1
impuesto,1,impuesto 1,5,41619,13.0278,5.1998,0.0006,1.9583,3.0694,0,6.6208,8.6632,1.2139,13,0,2,0,1.0211,0.9841,0.9948,0.5505,0.155,0.2453,0.6,0.6166,0.3991,0,83,0,3,167,1481,722,0,7752,2
impuesto,1,impuesto 1,6,49538,19.3194,6.4446,0.0021,0.6389,9.4167,0,6.4876,11.0972,1.4227,17,0,2.9167,0.5243,1.0825,0.8416,1.0759,0.3686,0.1926,0.1057,0.0361,0.065,0.3336,0,91,0,11,161,1849,764,0,6167,4
impuesto,1,impuesto 1,7,57457,19.0139,5.393,0,0.6972,2.0833,0,6.1515,20.6742,0.1587,15,0,1,0,1.0654,1.039,0.8956,0.8466,0.9958,0.1197,0.65,0.9823,0.2836,0,99,0,11,183,1540,610,0,8166,6
